,count
pakai,4856
kulit,3347
serum,3159
jerawat,2937
banget,2850
cerah,2081
bikin,1703
muka,1690
cocok,1620
produk,1615
bekas,1570
sih,1445
bagus,1371
wajah,1358
nya,1285
tekstur,1210
udah,1169
gak,1110
niacinamide,1064
aja,1044
coba,1024
bgt,1023
somethinc,1015
efek,1004
suka,991
hasil,864
beli,823
pas,774
kalo,758
gitu,729
botol,668
pudar,629
kali,625
bener,613
lumayan,588
liat,569
minggu,533
karna,527
cepet,520
emang,503
langsung,497
lengket,487
lembab,482
repurchase,476
kandung,441
glowing,418
resap,407
harga,404
skin,399
bruntusan,396
skincare,394
deh,389
kering,389
kusam,378
pagi,368
muncul,359
abis,352
merah,334
kental,333
kayak,330
cepat,329
habis,322
kaya,320
the,310
enak,304
gampang,304
hilang,303
bau,300
tuh,297
serap,294
cobain,293
nyoba,292
minyak,290
product,284
melembabkan,281
bantu,274
warna,274
rutin,273
nggak,267
sampe,265
ngga,261
mudah,258
bulan,257
halus,256
cair,248
breakout,244
aman,235
pokok,234
hitam,231
krn,227
rasa,221
beruntus,220
cinta,217
oke,217
cream,213
make,213
sensitif,213
niacin,211
ngaruh,211
this,211
review,209
acne,209
ringan,208
turut,207
and,204
glow,204
beneran,202
malam,194
ilang,194
worth,194
ubah,194
orang,194
yaa,187
nyobain,184
parah,184
sayang,182
kurang,180
tau,179
asa,179
ngilangin,177
but,175
baik,175
noda,173
oily,172
wangi,172
tetep,167
sabi,166
malem,163
sehat,161
jujur,160
samar,159
kenyal,158
lokal,158
barrier,158
salah,156
love,155
pori,151
trus,150
cari,145
super,145
beet,144
far,144
butuh,140
emg,140
ken,140
ngerasa,138
overall,137
takut,136
ngefek,133
susah,132
lihat,132
dapet,131
ordinary,130
white,129
gue,129
brand,128
hehe,125
nyaman,122
thick,122
bangett,122
alhamdulillah,121
night,121
dna,120
penasaran,120
sempet,119
lembap,118
sunscreen,118
pakenya,117
bilang,117
stop,115
sesuai,113
trs,112
purging,112
toner,112
beda,111
kentel,111
scarlett,111
klo,108
retinol,107
gede,106
bangun,105
huhu,105
bening,104
nampol,104
utk,104
mudarin,104
rata,104
cuman,104
besok,103
ampuh,103
good,103
jarang,103
gatau,103
biar,103
sebenernya,102
nih,102
ganggu,102
temen,102
engga,102
tidur,101
affordable,101
nyerap,101
best,101
wajib,100
bersih,99
tetes,99
try,98
dikit,98
timbul,98
first,98
neng,97
moisturizer,97
tipe,96
spot,96
pipi,96
hari,96
banding,95
its,93
gimana,93
aneh,93
dark,92
murah,91
kadang,91
lembut,91
cell,91
works,91
blm,91
signifikan,90
uda,87
sabar,86
for,86
recommended,86
kempes,86
tarik,85
skrg,84
klaim,84
niacinamidenya,84
ukur,83
aroma,83
ganti,83
jangkau,82
nyerahin,81
layer,81
moga,80
jatuh,79
brightening,79
putih,78
kasih,78
benerbener,77
aplikasi,77
time,77
kombinasi,77
must,76
tpi,76
bareng,76
poko,76
gel,75
bingung,75
doang,75
jdi,74
rada,74
jidat,74
apa,74
packaging,74
day,74
sedih,74
hype,74
bangettt,73
moisture,73
btw,73
loh,72
normal,72
instan,71
mahal,71
varian,71
nyerep,71
harap,71
racun,70
mana,70
yes,70
rekomendasi,69
ingredients,69
perih,69
kek,69
mula,68
baguss,67
reda,67
isi,67
negatif,67
wow,67
kemas,66
hyaluronic,66
prone,66
after,66
panas,65
berat,65
dry,65
packagingnya,65
pih,65
gtu,65
pipet,64
perlahan,63
buy,63
work,63
kondisi,62
jenis,62
out,62
flek,61
iya,61
ini,61
dgn,61
gituu,60
krna,60
ngebantu,60
reaksi,60
makenya,60
texture,59
ragu,59
lbh,58
sensitive,58
ngasih,58
dah,58
pke,57
rasain,57
atas,57
wkwk,57
sihh,57
mantul,57
akuu,57
bahan,56
apply,56
tumbuh,56
ilangin,56
banyak,55
plus,55
rekomen,55
kaca,55
gatel,55
masalah,54
lgsg,54
mending,53
kaget,53
iritasi,53
semenjak,53
moist,52
asli,52
tinggal,52
guys,52
greasy,52
yah,52
sumpah,52
cenderung,52
gara,52
ngurangin,52
untung,51
kontrol,51
tambah,51
sembuh,51
berani,51
claim,51
jugaa,51
bgtt,50
aga,50
plumpy,50
next,50
recommend,50
pilih,50
merk,49
calming,49
not,49
item,49
nemu,49
creamnya,48
mulus,48
kuat,48
hidrasi,47
krim,47
dia,47
gada,47
notice,46
kantong,46
local,46
dagu,46
kualitas,46
belang,46
yaaa,45
nyesel,45
pump,45
luv,45
kusem,45
you,44
facial,44
darkspot,44
pdhl,44
jar,44
nyari,44
nimbulin,43
better,43
viral,43
awet,43
hidung,43
seger,43
kuning,43
maksimal,43
holy,43
manfaat,43
aktif,42
putus,42
cerahin,42
have,42
wash,41
dokter,41
fragrance,41
one,41
guna,41
pie,41
masuk,41
ngelembabin,41
kecil,41
rangkai,41
nambah,41
henti,40
tahan,40
watery,40
efektif,40
combine,40
area,40
grail,39
bawa,39
oil,39
komedo,39
sii,39
pertama,39
paket,39
recomended,39
tone,38
hydrating,38
gin,38
light,38
segi,38
kyk,37
share,37
use,37
maybe,37
cekit,37
versi,36
gelap,36
size,36
claimnya,36
reviewnya,36
iseng,36
pikir,36
juara,35
hati,35
gentle,35
siang,35
routine,35
mata,35
tiktok,35
ajaa,35
proses,35
kemarin,35
busa,34
ngerasain,34
sisa,34
rekomendasiin,34
acid,34
dingin,34
dahi,34
lepas,34
ama,34
minus,34
lupa,33
kerja,33
rajin,33
favorit,33
really,33
bkin,33
purchase,33
water,32
sma,32
combo,32
hihi,32
rekomended,32
gatal,32
auto,32
nyangka,32
texturenya,32
mantap,32
tangan,32
break,32
rusak,32
face,32
daily,31
cuci,31
pasti,31
dri,31
formula,31
keren,31
type,31
care,30
jual,30
official,30
makeup,30
order,30
kenal,30
niacinimide,30
sekian,30
that,30
ketemu,30
obat,30
sengat,30
lanjutin,30
spf,30
pengaruh,30
dibarengin,30
sold,29
kena,29
shopee,29
lem,29
tenang,29
mendem,29
gabisa,29
essence,29
with,29
centella,29
tipis,29
kadar,28
saran,28
dipakenya,28
alih,28
finishnya,28
gila,28
jaga,28
much,28
gacocok,28
all,28
sensasi,28
radang,28
nama,28
leher,28
fungsi,27
bandel,27
nyerepnya,27
bom,27
tahun,27
aha,27
redness,27
bha,27
mantep,27
ngabisin,26
bangetttt,26
very,26
bngt,26
ekspektasi,26
tingkat,26
tahap,26
haha,26
syukur,26
lebih,26
diapply,26
batu,26
lagi,26
bagusss,26
ambil,25
nunggu,25
tekturnya,25
konsentrasi,25
hilangin,25
andal,25
teksturenya,25
fokus,25
ngeluarin,25
hate,25
rewel,25
well,25
belah,25
pindah,24
melembabkannya,24
ngempesin,24
say,24
baca,24
dlu,24
numbuh,24
will,24
tiga,24
iniii,24
holygrail,24
gradakan,24
muas,24
bukti,24
saranin,24
basic,24
air,24
hehehe,24
calm,24
extract,23
diaplikasiin,23
effect,23
serius,23
biru,23
niat,23
doesnt,23
nyaa,23
selang,23
yaudah,23
kesan,23
maju,23
lindung,23
temenku,23
knp,23
sukaaa,23
mah,23
fix,23
segitu,23
cpt,23
full,23
ngelembapin,23
blend,23
sadar,23
something,23
bbrp,22
sticky,22
too,22
apaapa,22
alhasil,22
inti,22
selamat,22
sorry,22
like,22
menit,22
ngeratain,22
dehh,22
jalan,22
mesti,22
vit,22
teman,22
preloved,22
percaya,22
alam,22
baru,22
bruntus,21
teksture,21
promo,21
ajaib,21
scars,21
lembabnya,21
kalah,21
peeling,21
nemuin,21
pelan,21
ever,21
surprisingly,21
samsek,21
nyata,21
expect,21
mateng,21
pms,21
campur,21
lengkap,21
fresh,21
top,21
bln,21
msglow,21
msh,21
daerah,21
mundur,21
poripori,21
sukak,21
sakit,21
fine,20
kenyel,20
garagara,20
mas,20
dipakein,20
highly,20
tube,20
bright,20
gabung,20
impression,20
kasar,20
kirain,20
oksidasi,20
kliatan,20
malemnya,20
dlm,20
saking,20
cakep,20
seling,20
ngeliat,20
plump,20
matahari,20
emng,20
macem,19
ngatasin,19
dibandingin,19
using,19
kasi,19
pribadi,19
bnr,19
rumah,19
badak,19
friendly,19
rekomendnot,19
paling,19
combination,19
happy,19
gabikin,19
sebum,19
diblend,19
milik,19
satu,19
sad,19
main,19
telah,19
gua,19
kyknya,19
ngerti,19
persen,19
kudu,19
fungal,19
buruk,19
alias,18
mikir,18
problem,18
nyerapnya,18
dont,18
lamalama,18
definitely,18
wkwkwk,18
layering,18
samping,18
pecah,18
okay,18
tolong,18
gapernah,18
beauty,18
bintik,18
ramah,18
recomend,18
kalem,18
brightly,18
dalam,18
timpa,18
ngeresap,18
gituuu,18
hempas,18
tap,18
nyamarin,18
bagi,17
lembabin,17
think,17
cmn,17
luka,17
huhuhu,17
buat,17
dll,17
tonernya,17
pgn,17
bawah,17
vitamin,17
nongol,17
alami,17
over,17
launching,17
barier,17
kakak,17
soft,17
lucu,17
alus,17
free,17
oiya,17
cerahh,16
bentuk,16
awat,16
barang,16
gapapa,16
rendah,16
besar,16
cantik,16
tunggu,16
skincarean,16
skip,16
giur,16
omg,16
pakein,16
duper,16
merahmerah,16
ilangnya,16
ingredient,16
ingredientsnya,16
niacinnya,16
segar,16
anak,16
males,16
utama,16
lagiii,16
simple,16
max,16
konsistensi,16
ninggalin,16
bagussss,16
scarlet,16
even,16
persentase,16
adaptasi,15
tutup,15
off,15
minimal,15
mayan,15
sekali,15
nempel,15
sengaruh,15
milih,15
stock,15
hidup,15
prefer,15
bruntusannya,15
ntah,15
thanks,15
job,15
puas,15
tebel,15
nutrisi,15
thank,15
somehow,15
diamond,15
dehidrasi,15
telaten,15
keluar,15
kinclong,15
benarbenar,15
anti,15
jodoh,15
nyengat,15
temu,15
positif,15
control,15
depan,15
pegang,15
store,15
dunia,15
hormon,15
ngontrol,15
encer,15
cobacoba,15
pricey,15
bopeng,15
jujurly,14
ituuu,14
formulasi,14
see,14
hamil,14
bangeet,14
palsu,14
fav,14
ikut,14
kurleb,14
whitening,14
atur,14
ngerasanya,14
tacky,14
mutusin,14
whitelab,14
ecommerce,14
mix,14
skrng,14
avoskin,14
sama,14
haid,14
ceramide,14
kecilkecil,14
retinolnya,14
duh,14
bakuchiol,14
adem,14
luar,14
buka,14
just,14
nia,14
booming,14
bebas,14
mudar,14
byk,14
your,14
tanda,14
pelembab,14
pores,14
kecewa,14
ituu,13
bintang,13
upgrade,13
whitecell,13
skinker,13
sihhh,13
pilling,13
base,13
dann,13
akibat,13
creamy,13
dpt,13
pink,13
heran,13
tementemen,13
abisin,13
cegah,13
travel,13
gold,13
gamau,13
juta,13
ajar,13
nampak,13
tektur,13
lgi,13
nang,13
rutinin,13
ekspetasi,13
nahan,13
tricky,13
non,13
cucok,13
takes,13
spots,13
nice,13
before,13
more,13
jadi,13
twitter,13
orangorang,13
bit,13
saat,13
naikin,13
licin,12
big,12
bekasbekas,12
kokoh,12
pelanpelan,12
ngebuat,12
maskne,12
dongg,12
tapiii,12
nge,12
tbh,12
ter,12
kupake,12
bye,12
bru,12
akuuu,12
dasar,12
ngaca,12
halal,12
mutih,12
aaa,12
tuju,12
teruss,12
glowingnya,12
aku,12
sadly,12
jangka,12
sinar,12
barengin,12
kemaren,12
dimanamana,12
diratain,12
drpd,12
hahaha,12
bedak,12
masker,12
habisin,12
bangettttt,12
umur,12
concern,12
strong,12
moisturizing,12
ehh,12
gantung,12
aktivitas,12
fyi,12
pol,12
repeat,11
finish,11
arbutin,11
sulit,11
khasiat,11
skinbarrier,11
mungil,11
sblm,11
price,11
series,11
denger,11
kesini,11
hyalu,11
boros,11
bel,11
easy,11
beraniin,11
berekspektasi,11
dupe,11
hiks,11
mandi,11
stok,11
set,11
higienis,11
pudarin,11
somethic,11
bnget,11
stlh,11
diskon,11
foto,11
dicombine,11
jgn,11
kilang,11
gerah,11
ratain,11
hormonal,11
treatment,11
tbtb,11
lanjut,11
mahasiswa,11
update,11
kecuali,11
healthy,11
makasih,11
tapi,11
khusus,11
step,11
stelah,11
bottle,11
anehaneh,11
daya,11
productnya,11
jam,11
ngecilin,11
bad,11
rugi,11
active,11
baur,11
poin,11
mewah,11
progress,11
explore,11
makan,11
hemat,11
umat,11
komedoan,11
been,11
newbie,11
mukaa,11
lho,11
sabun,10
usap,10
nambahin,10
whitecast,10
ulang,10
maaf,10
tinggi,10
kepake,10
lovehate,10
luvv,10
still,10
products,10
maka,10
pandemi,10
cium,10
repurchased,10
hyperpigmentation,10
minat,10
belas,10
bruntusanku,10
barrierku,10
cerita,10
mild,10
pede,10
nyerahinnya,10
semangat,10
result,10
smpe,10
angsur,10
ribu,10
tengah,10
idk,10
bonus,10
ive,10
finally,10
sempurna,10
otw,10
jdnya,10
kunci,10
lightweight,10
ngeresapnya,10
optimal,10
konsisten,10
which,10
was,10
month,10
since,10
progres,10
based,10
produksi,10
biasa,10
bpom,10
sunwhite,10
weeks,10
ujung,10
than,10
beetnya,10
bner,10
terima,10
alergi,10
jugaaa,10
bnyak,10
gegara,10
mama,10
sekitar,10
course,9
teskturnya,9
pingin,9
lawan,9
duluu,9
jamin,9
dosis,9
gaterlalu,9
sebentar,9
bangga,9
also,9
phyto,9
help,9
sure,9
boong,9
can,9
only,9
maksud,9
buru,9
dannn,9
efektivitas,9
did,9
double,9
nyembuhin,9
salmon,9
menggangu,9
again,9
sblmnya,9
feel,9
kepo,9
kaki,9
nothing,9
mikirnya,9
bagusbagus,9
runny,9
gone,9
ampe,9
golong,9
kulkas,9
heheh,9
mens,9
telapak,9
haluss,9
combi,9
keras,9
hubung,9
bnyk,9
adik,9
power,9
relationship,9
amazing,9
heavy,9
bumps,9
tipikal,9
pokoknyaa,9
lapis,9
berapa,9
dua,9
anjur,9
cek,9
totally,9
nenangin,9
sumbat,9
rencana,9
tumpah,9
serumserum,9
suami,9
test,9
gagal,9
sepupu,9
yuk,9
sahabat,9
tua,9
direkomendasiin,9
from,9
rekomend,9
kit,9
aplikasiin,9
lotion,9
iklan,9
whitehead,9
brighteningnya,9
instant,9
sdh,9
esok,8
nnti,8
yaampun,8
okee,8
hmm,8
hasilnyaa,8
kencang,8
cobaa,8
poll,8
glowingg,8
manjur,8
hitung,8
foam,8
excited,8
squalane,8
tagih,8
mmg,8
soon,8
tebal,8
favorite,8
standar,8
bund,8
decided,8
dapetin,8
progressnya,8
about,8
somthinc,8
sometinc,8
repurches,8
hadir,8
senang,8
punya,8
jrwt,8
allah,8
dull,8
improve,8
dulunya,8
cocokcocok,8
kelembaban,8
remaja,8
kaleng,8
less,8
restock,8
ato,8
hopeless,8
tzone,8
muda,8
gabakal,8
hrs,8
terang,8
bgs,8
mgkn,8
clogged,8
sukaaaa,8
tdk,8
natural,8
female,8
totol,8
keluh,8
pencet,8
level,8
under,8
klinik,8
absolutely,8
cahaya,8
chemical,8
hyaluronicnya,8
gausah,8
butek,8
when,8
gon,8
performa,8
wahh,8
rose,8
luvvv,8
ngeblend,8
exfo,8
kemanamana,8
thankyou,8
gantiin,8
mini,8
rangin,8
then,8
parfum,8
ngelupas,8
hiperpigmentasi,8
criously,8
gengs,8
boba,8
alpha,8
peran,8
merek,8
rawat,8
jelek,8
keburu,8
lebay,8
niaciminade,8
mask,7
boom,7
inget,7
feels,7
deket,7
selesai,7
cintaaaa,7
nanya,7
produkproduk,7
jarnya,7
slow,7
abal,7
mlm,7
enteng,7
nendang,7
cocokkk,7
bangeeeet,7
always,7
checkout,7
guyss,7
kmrn,7
khas,7
debat,7
usia,7
gpp,7
ngasi,7
cleansing,7
gais,7
dapat,7
bangeeet,7
gonta,7
ering,7
iniiii,7
grgr,7
asiatica,7
terus,7
suruh,7
niaciamide,7
plum,7
penuh,7
gapake,7
hits,7
ofc,7
berkalikali,7
sperti,7
taun,7
pedih,7
cekitcekit,7
benerin,7
milia,7
snail,7
kira,7
honestly,7
wkwkw,7
point,7
plastik,7
used,7
outdoor,7
trust,7
cekat,7
ngeringin,7
keset,7
know,7
mulu,7
batas,7
teksurnya,7
hihihi,7
ngecewain,7
awalawal,7
perhatiin,7
fullsize,7
khawatir,7
would,7
niacinemide,7
gtuu,7
simpan,7
cintaa,7
magic,7
minim,7
difference,7
nyetok,7
ngeganggu,7
cocokk,7
serah,7
nodanoda,7
abiss,7
mati,7
paham,7
papar,7
secepet,7
bgtttt,7
instagram,7
tingling,7
kyak,7
list,7
seharihari,7
ingredientnya,7
biji,7
poriporiku,7
bentar,7
ori,7
influencer,7
tara,7
trnyata,7
bakar,7
makes,7
gaakan,7
patch,7
skintone,7
kulitt,7
munculin,7
pliss,7
absen,7
honest,7
situ,7
alcohol,7
walopun,7
kuu,7
abu,7
singkat,7
repuchase,7
gosong,7
ribet,7
spatula,7
unik,7
tolerir,7
least,7
dom,7
terusin,7
bintikbintik,6
hbs,6
jeriwi,6
harum,6
ohya,6
ngambek,6
sumuk,6
kenceng,6
wajar,6
semalem,6
bentol,6
gmna,6
tampil,6
pha,6
liquid,6
sgt,6
sangking,6
toko,6
lipat,6
bulir,6
ngehilangin,6
overrated,6
how,6
disaranin,6
mulut,6
detik,6
traveling,6
sebab,6
ngeh,6
pagipagi,6
akalin,6
whitecelldna,6
reformulasi,6
textur,6
klau,6
cerahhh,6
kimia,6
gaes,6
duluan,6
sel,6
approved,6
variant,6
total,6
nyampe,6
are,6
susu,6
markotop,6
msih,6
new,6
niacimide,6
skeptis,6
flawless,6
komposisi,6
usaha,6
dya,6
pen,6
ultra,6
tibatiba,6
sihhhh,6
senampol,6
perbaikin,6
nyaranin,6
rilis,6
wishlist,6
jago,6
kak,6
ajah,6
lbih,6
istirahat,6
bangeett,6
kebel,6
busui,6
netral,6
mubazir,6
kilat,6
mempan,6
pergi,6
mager,6
drop,6
bumil,6
jerwat,6
cobaaa,6
cobainn,6
menurtku,6
kuliah,6
kantor,6
fragrancenya,6
wcd,6
dampak,6
terkadang,6
solusi,6
dupenya,6
feelnya,6
risih,6
tsb,6
dehhhh,6
totolin,6
itu,6
protection,6
kucel,6
nyarinya,6
nilai,6
because,6
gilaa,6
long,6
safe,6
blg,6
tried,6
personally,6
comedogenic,6
gaperlu,6
kece,6
lohh,6
jempol,6
lohhh,6
hebat,6
awal,6
repurcase,6
gajadi,6
huhuu,6
perfect,6
setia,6
mehong,6
bengkak,6
krg,6
canggih,6
smp,6
jaman,6
pot,6
months,6
guess,6
bolong,6
agk,6
kacau,6
coklat,6
absorbed,6
memudarr,6
hyperpigmentasi,6
stay,6
waw,6
youtube,6
thx,6
does,6
great,6
tea,6
model,6
exfoliate,6
improvement,6
sun,6
asam,6
perskincarean,6
research,6
tiny,6
berkat,6
lebi,6
jadiin,6
extra,6
nyerah,6
kdg,6
zinc,5
dehhh,5
pemakain,5
kecot,5
asem,5
satusatunya,5
discount,5
picu,5
pretty,5
dar,5
could,5
serumm,5
little,5
aka,5
any,5
sosmed,5
kerontang,5
berjerawar,5
oya,5
tera,5
residu,5
kerut,5
bgtu,5
axisy,5
pkai,5
kelupas,5
another,5
klop,5
beberapa,5
mungkn,5
ngeredain,5
beginner,5
aaaa,5
ternyataa,5
memperbaikin,5
digabungin,5
udahh,5
high,5
pertamakali,5
samasekali,5
ngrasa,5
amazed,5
heboh,5
axis,5
sbnrnya,5
oiyaa,5
adek,5
samplenya,5
almost,5
keruh,5
lelah,5
butir,5
nolong,5
version,5
gabungin,5
nihh,5
makek,5
parahhh,5
irritation,5
actually,5
petal,5
pendek,5
ampun,5
jerewi,5
post,5
aging,5
sale,5
negeri,5
jxb,5
there,5
renti,5
wkt,5
sptnya,5
kado,5
mosturizer,5
now,5
skr,5
yuja,5
luvvvv,5
simpen,5
cumaa,5
masa,5
idung,5
nggk,5
significant,5
baguus,5
domisili,5
keluarin,5
yaah,5
dilanjutin,5
macet,5
wort,5
whiteheads,5
okeoke,5
dikitdikit,5
pkek,5
bersihin,5
kurasain,5
basah,5
what,5
scrub,5
woi,5
bangetttttt,5
anything,5
pro,5
woy,5
morning,5
zone,5
ttg,5
already,5
clogging,5
rekom,5
hai,5
skinbarier,5
skintype,5
benefit,5
kapok,5
diraguin,5
herbal,5
skincareku,5
tambahin,5
ternyataaaa,5
etc,5
head,5
sukses,5
dikombinasiin,5
akuuuu,5
hydrate,5
general,5
sungguh,5
banjir,5
sembarang,5
week,5
bestt,5
komedonya,5
ngalamin,5
pokokny,5
amaze,5
cystic,5
napa,5
cushion,5
mencerahkanya,5
eksfoliasi,5
way,5
thinking,5
bilas,5
nyiptain,5
dullness,5
bcs,5
jogja,5
gilaaa,5
bkn,5
kusamm,5
amanaman,5
seller,5
vlogger,5
orng,5
lgsung,5
maker,5
presentase,5
badan,5
siih,5
jeda,5
siiii,5
stocknya,5
indonesia,5
praktis,5
sekrang,5
reseller,5
mantulita,5
ruang,5
langgan,5
limited,5
sia,5
niacinamade,5
bucin,5
suhu,5
deep,5
ngelembabinnya,5
simpul,5
exfoliasi,5
siii,5
janji,5
giat,5
bangeettt,5
turun,5
elixir,5
dicobain,5
blom,5
info,5
berbulanbulan,5
pusing,5
until,5
rahang,5
kaka,5
pumpnya,5
washnya,5
presentasenya,5
plisss,5
hahah,5
hrga,5
edit,5
blackheads,4
suncreen,4
prnh,4
said,4
tetesin,4
pulih,4
scent,4
keringat,4
olahraga,4
halang,4
stopin,4
semantul,4
take,4
life,4
nekat,4
repair,4
jiwit,4
pokonyaaa,4
lemari,4
ekspetasiku,4
moisturized,4
donggg,4
korea,4
kagak,4
drops,4
pny,4
matte,4
ahirnya,4
haluuus,4
wowww,4
fregrance,4
packingnya,4
alas,4
hindar,4
keringetan,4
kilau,4
dibland,4
kulitq,4
brp,4
perlahanlahan,4
dalem,4
thought,4
silah,4
xixixi,4
rataa,4
second,4
inflamasi,4
smua,4
rawit,4
multifungsi,4
maret,4
nimbul,4
customer,4
cabe,4
typical,4
biarpun,4
cerahhhh,4
guysss,4
sukain,4
psti,4
kesel,4
discontinue,4
pkoknya,4
kaum,4
sampean,4
savior,4
bandingin,4
ngaruhnya,4
bgd,4
who,4
resmi,4
expectation,4
inikarna,4
feelsnya,4
ehehe,4
cool,4
tuhh,4
rapat,4
bule,4
laku,4
pereuz,4
nicia,4
buang,4
doangg,4
bsa,4
kapas,4
cons,4
nyesal,4
blue,4
bsk,4
cast,4
patok,4
prubahan,4
thing,4
bangus,4
sebel,4
dikeluarin,4
slalu,4
old,4
mgkin,4
somethink,4
gasuka,4
redain,4
taruh,4
bun,4
gaiss,4
huhuhuhu,4
gaktau,4
solution,4
akujadi,4
start,4
mba,4
coolingnya,4
yaaaa,4
timer,4
komen,4
benet,4
ngira,4
cuka,4
imbang,4
brutusan,4
numbuhin,4
pantau,4
pakee,4
curiga,4
foundation,4
slowly,4
anyway,4
kuuu,4
stress,4
lenyap,4
suprisingly,4
floral,4
kempis,4
tonenya,4
akal,4
soalny,4
original,4
back,4
drastis,4
combinasi,4
ingridients,4
bgus,4
ngamuk,4
kemerehan,4
jawa,4
macemmacem,4
drama,4
kembang,4
barriernya,4
tapiiii,4
laen,4
gamasalah,4
boxnya,4
move,4
ngarep,4
milky,4
aloe,4
soldout,4
tryyy,4
serumnyaa,4
sengaja,4
kes,4
okey,4
seri,4
kejap,4
smells,4
trlalu,4
transparan,4
goda,4
lambat,4
ibu,4
cape,4
viscous,4
telat,4
smooth,4
hbis,4
nyadar,4
pigmentasi,4
ngk,4
hatihati,4
tandatanda,4
syg,4
doff,4
chat,4
has,4
lov,4
salicylic,4
some,4
konsul,4
ntar,4
sygnya,4
baruu,4
agustus,4
maximal,4
stuck,4
irit,4
jahe,4
last,4
case,4
sample,4
ngak,4
got,4
bak,4
cooling,4
jerawatt,4
lahir,4
shock,4
vers,4
tunjuk,4
beb,4
iniaku,4
get,4
rate,4
edition,4
insecure,4
kotor,4
inituh,4
nan,4
mint,4
padal,4
kombi,4
telusur,4
struktur,4
ditetesin,4
hydroquinone,4
dongggg,4
kolagen,4
urut,4
online,4
disclaimer,4
paginyaa,4
noo,4
radikal,4
gaa,4
dukung,4
soothing,4
sungkem,4
lngsung,4
tree,4
feeling,4
jdinya,4
riset,4
sis,4
primer,4
ank,4
uang,4
afternya,4
moisturize,4
cepetan,4
many,4
perhati,4
truecica,4
tempat,4
star,4
wktu,4
keliahatan,4
kiri,4
deskripsi,4
kaga,4
sizenya,4
kulitttt,4
black,4
sumpahh,4
turunin,4
sore,4
mageran,4
thats,4
takjub,4
polusi,4
ill,4
tok,4
spray,4
padet,4
gokil,4
digunain,4
terjun,4
rekomenin,4
suitable,4
ungu,4
ditiktok,4
body,4
jrwat,4
iyaa,4
lgsng,4
niacinemidenya,4
sleeping,4
agent,4
additional,4
bisa,4
ingridientsnya,4
pdahal,4
aduh,4
inimah,4
desain,4
gasih,4
diomongin,4
tepuk,4
awalny,4
lumyan,4
higenis,4
label,4
need,4
alkohol,4
bgttttt,4
ngehalusin,4
bundling,4
scar,4
ngomongin,4
surely,4
ngetes,4
yap,4
pekat,4
prnah,4
layak,4
fading,3
butiranbutiran,3
thn,3
titanium,3
loo,3
hexapeptide,3
wfh,3
kombinasiin,3
nentu,3
baguuus,3
ngelembab,3
kmren,3
klu,3
ekstrak,3
few,3
alhamdulilah,3
dompet,3
hahahah,3
glycolic,3
pimples,3
changing,3
found,3
seliwer,3
ngeletek,3
refining,3
ehhhhh,3
suhay,3
akua,3
ngebikin,3
mncerahkan,3
wanita,3
rdinary,3
rating,3
gosok,3
enakeun,3
ideal,3
yakali,3
advance,3
brighter,3
small,3
familiar,3
ketiak,3
zona,3
didnt,3
range,3
benee,3
apaa,3
especially,3
teksturnyaa,3
blum,3
indoor,3
helps,3
ngeboost,3
jamu,3
most,3
timbang,3
ara,3
brutal,3
benerbenerr,3
layan,3
uras,3
cepett,3
beautyhaulindo,3
basmi,3
paki,3
musti,3
banyk,3
ktnya,3
manteb,3
bruntusann,3
ksh,3
pasuk,3
actives,3
donk,3
mudarnya,3
ilangggg,3
skg,3
member,3
teliti,3
musim,3
sampek,3
unggul,3
raya,3
ogah,3
megang,3
ingridientnya,3
comment,3
ampoule,3
serums,3
testurnya,3
medium,3
dosa,3
ternyat,3
gakk,3
nerima,3
speechless,3
pasang,3
bangeeett,3
parahhhhh,3
applynya,3
cacar,3
bnrbnr,3
bgtttttt,3
angkat,3
aluss,3
sensitiv,3
dijadiin,3
dikittt,3
hujan,3
root,3
nanah,3
huftt,3
nutup,3
youu,3
akuuuuu,3
bestttt,3
ahh,3
terimakasih,3
titik,3
nyadan,3
fighter,3
sdg,3
other,3
soalnyaa,3
key,3
variasi,3
leaf,3
caricari,3
bundle,3
kening,3
layerin,3
lahan,3
toleransi,3
rave,3
phte,3
padu,3
serta,3
asing,3
mauu,3
kcil,3
flash,3
jerawar,3
pokoknyaaa,3
sunscreennya,3
quite,3
kentara,3
cod,3
ngestock,3
gaberani,3
thicky,3
bet,3
wkwkkw,3
line,3
bagussssss,3
clearly,3
menstruasi,3
lahh,3
kejut,3
reccomend,3
offline,3
ringkih,3
yeay,3
akugak,3
siram,3
negative,3
bibir,3
shade,3
had,3
sesal,3
walo,3
apik,3
lamaa,3
rontok,3
kendala,3
aah,3
pantesan,3
yaudahlah,3
literally,3
bundd,3
somethin,3
check,3
kontak,3
support,3
smile,3
ngecerahin,3
thebest,3
ancur,3
ahaha,3
sekat,3
sbg,3
alis,3
dewy,3
syuka,3
medsos,3
prtma,3
allantoin,3
pore,3
bisaaaa,3
kuli,3
wan,3
niachin,3
increase,3
uvb,3
beraktifitas,3
ngluarin,3
untk,3
wajahh,3
alternatif,3
never,3
kykny,3
beginners,3
jadiii,3
lebihh,3
jatohnya,3
kosong,3
niaci,3
mucul,3
compare,3
penting,3
experience,3
nyium,3
diakalin,3
semriwing,3
keliling,3
woii,3
sifat,3
luck,3
advanced,3
ciamik,3
hadalabo,3
hero,3
collagen,3
pantes,3
btl,3
duhh,3
sangatsangat,3
concerns,3
multipeptide,3
serun,3
youth,3
please,3
selebgram,3
pulang,3
plumply,3
nyentuh,3
tementemenku,3
sabiwhite,3
tumbul,3
cuaca,3
cus,3
jrawat,3
spesial,3
lovee,3
brandnya,3
terik,3
utus,3
centela,3
expected,3
ngereview,3
gau,3
daan,3
spt,3
racik,3
worthit,3
licorice,3
wewangian,3
langka,3
blemish,3
darkspotku,3
bohong,3
empties,3
niacinimade,3
hrsnya,3
moisturizernya,3
lhoo,3
spotnya,3
puasa,3
ngelembutin,3
definisi,3
routineku,3
hehehehe,3
shoppee,3
etapi,3
crack,3
glowtening,3
buah,3
gangerti,3
ngelembapinnya,3
let,3
soso,3
parahh,3
blog,3
lnjut,3
nyaaa,3
akun,3
overmoist,3
getting,3
tawar,3
dirutinin,3
dlam,3
karuan,3
bangsa,3
gunain,3
plg,3
reduce,3
rame,3
beautyhaul,3
becek,3
ganyangka,3
ahabha,3
sikit,3
initapi,3
ingridient,3
tho,3
ajaaa,3
cute,3
tasya,3
masingmasing,3
antioksidan,3
yahh,3
kelopak,3
dewa,3
dimasukin,3
ngeracunin,3
klw,3
skarang,3
mukanyaaa,3
current,3
telinga,3
luas,3
god,3
mucin,3
knapa,3
paking,3
fall,3
hyaluron,3
regret,3
persis,3
sehatt,3
ngeresepnya,3
kulut,3
nyarinyari,3
rutinitas,3
nemplok,3
effort,3
maap,3
tahu,3
sebumminyak,3
aseli,3
bahas,3
kayany,3
nyobanyoba,3
tetap,3
benerr,3
putusin,3
bli,3
ketek,3
kelana,3
manyo,3
maki,3
somebymi,3
akhirakhir,3
jari,3
walapun,3
mlh,3
lsg,3
them,3
rempah,3
enaaak,3
sedihhh,3
bring,3
tabur,3
kata,3
reapply,3
repurche,3
buzzer,3
blendable,3
underarm,3
surabayaxbeauty,3
may,3
ajib,3
dempul,3
effectnya,3
ngeresep,3
ngaruhh,3
hope,3
sering,3
balikin,3
ccok,3
pasar,3
edisi,3
magical,3
tang,3
iritatif,3
timur,3
ahabhanya,3
nacific,3
dilute,3
spfnya,3
packagenya,3
yak,3
ngehabisin,3
choose,3
rest,3
via,3
ceramic,3
geser,3
saing,3
pass,3
erha,3
kagum,3
campurin,3
corona,3
nyesell,3
ngambil,3
asliiii,3
panik,3
sihhhhhh,3
dipakek,3
akhirny,3
brighten,3
sembuhin,3
doi,3
cleanser,3
dateng,3
effek,3
platform,3
ketimbang,3
controlnya,3
lembapin,3
supple,3
glutathione,3
tebar,3
glowinggg,3
jeruk,3
kualitanya,3
nyebar,3
garnier,3
riview,3
muk,3
fikir,3
club,3
apalg,3
tired,3
lutut,3
masukin,3
dicombo,3
struggling,3
holiday,3
ohiya,3
gilak,3
nabung,3
serasa,3
tdnya,3
kenapanapa,3
kebal,3
semukamuka,3
gemes,3
skinprep,3
senengg,3
true,3
hydratingnya,3
segel,3
kulir,3
hub,3
texturnya,3
nicinamide,3
video,3
match,3
service,3
skinkeran,3
foundie,3
xixi,3
hmmm,3
tar,3
didapet,3
friend,3
ngunci,3
serang,3
regrets,3
cusss,3
adaaa,3
moisturaizer,3
lapang,3
ketemen,3
effective,3
mean,3
red,3
acneku,3
lets,3
kota,3
sekaliii,3
pucet,3
perfectly,3
lol,3
wish,3
ekstra,3
solid,3
notabene,3
capek,3
orgnya,3
kayaknyaaa,3
printilan,3
galau,3
rah,3
budget,3
deeh,3
twice,3
pandang,3
they,3
sukaaaaa,3
box,3
jarak,3
ngestok,3
murce,3
trend,3
catat,3
helpful,3
dipaduin,3
journey,3
powerful,3
kann,3
yesss,3
ningkatin,3
positive,3
mevvah,3
yess,3
nerusin,3
aktifitas,3
lock,3
kah,3
bagusdan,2
betah,2
sumber,2
niacimade,2
sumpahhhhhh,2
orderrr,2
bgtttttttttttttttt,2
makerrrr,2
cht,2
kertas,2
sukaaaaaaaaaaaa,2
impressive,2
ajaaaaa,2
enggaaaa,2
parahhhhhhhhhhhhhhhhhhh,2
bersiiih,2
sebaguss,2
cipta,2
bagussssssss,2
single,2
overclaim,2
banggan,2
resellernya,2
beads,2
tipu,2
nooooooo,2
bgttttttttttttttt,2
malas,2
premium,2
nyaaaa,2
siku,2
duga,2
hambat,2
balik,2
hilaanggg,2
bgussss,2
elegant,2
kulitaku,2
komplek,2
ngerekomendasiin,2
gilagasih,2
sestrong,2
plan,2
ilove,2
earth,2
broke,2
fast,2
hybrid,2
ilanh,2
sometime,2
occlusive,2
kaliam,2
fishy,2
muchh,2
astaga,2
bikinn,2
theordinary,2
sabaar,2
iniiiiiiiiiii,2
iniiiiiiui,2
tuhhhhhhh,2
serummmmmmmmmmm,2
samudra,2
kalengkaleng,2
circle,2
tkut,2
debattttttttttt,2
iklim,2
bayi,2
biikin,2
tol,2
bulky,2
niasin,2
kulu,2
plumpyy,2
nyaaaaaaaa,2
their,2
banhet,2
dab,2
selingin,2
drycombination,2
tengkyuuu,2
ngehype,2
dioxide,2
idea,2
muluuu,2
desperate,2
posisi,2
allhamdulilah,2
berekspetasi,2
tip,2
wkkw,2
elsheskin,2
pasca,2
lanjur,2
manamana,2
olesin,2
hellolilystephanieblogspotcom,2
times,2
essensenya,2
tekturenya,2
cel,2
perah,2
wrong,2
cnya,2
sofar,2
blackhead,2
asi,2
sugesti,2
wasnt,2
ngeset,2
jawab,2
lid,2
bleber,2
bangettttttttt,2
eneg,2
ngeblur,2
terdebest,2
whatsapp,2
reason,2
antri,2
people,2
interested,2
brighty,2
effects,2
buaya,2
lidah,2
together,2
triceramide,2
shooked,2
holi,2
poisoned,2
aaaaaaa,2
lighweight,2
nampoool,2
upgradedd,2
seriuss,2
bangey,2
mohon,2
prodak,2
cuz,2
mgk,2
tolak,2
why,2
gga,2
pernh,2
parno,2
combain,2
membuatwajaahcerahkdmmdbdvshanbtidakberkomedowajahcerahdipagihahdjavahdbmabsvsmdbdbdjvavvdndnvvdbdgsvsvvsbbdvdbdndbdvsmsvsvsvsvsbdbdndnsbsbsbsbdgdvcafabdmdbdjebdvdbxvxmsbdvdnsnzvsnsbzmxmxndbdnfnnxbbds,2
rounder,2
hale,2
req,2
lainn,2
beres,2
adekku,2
mnurutku,2
tempattempat,2
dikiiiit,2
admin,2
menyerapdi,2
rawan,2
gaisss,2
nyumbat,2
kembar,2
gedegede,2
tdur,2
proteksi,2
lamaaku,2
melembabkanbuat,2
inidia,2
ngegantiin,2
ngehits,2
bayang,2
nope,2
sll,2
lain,2
duo,2
jgaa,2
repurchasw,2
motor,2
cerahlebih,2
launch,2
jerawatdan,2
sebelumnyaa,2
cekout,2
luxury,2
iring,2
special,2
andreas,2
udara,2
lahyaa,2
sembunyi,2
pola,2
nano,2
diclaim,2
kitaaaa,2
thanx,2
sultan,2
atao,2
serumday,2
careful,2
rasainn,2
pkee,2
makanyaa,2
dipeptide,2
nagih,2
eee,2
jerawatteksturnya,2
huaa,2
somethincs,2
cause,2
fake,2
ditemuin,2
pecahpecah,2
xoxo,2
pastiin,2
skinceran,2
produkini,2
bsknya,2
istiqomah,2
jrwtn,2
either,2
kmrin,2
omggg,2
oakai,2
kebih,2
gagitu,2
pngn,2
sini,2
terekomendeddd,2
secints,2
duhhh,2
flower,2
retinolnyaa,2
algae,2
caffeine,2
jrg,2
slime,2
kotak,2
sharing,2
aplikasiinnya,2
encapsulated,2
normalyso,2
repurcahse,2
dluuusupaya,2
terbiasaabuat,2
huhumungkin,2
jerawattapi,2
dimix,2
dech,2
days,2
buangett,2
respon,2
ngedetox,2
beranda,2
fade,2
didiemin,2
ngobatin,2
elastisitas,2
herpes,2
allergi,2
balance,2
mlam,2
bangettttttttttttt,2
mantulllll,2
essense,2
gag,2
tinglegatel,2
usage,2
sukurnya,2
mantengin,2
seglowing,2
pagipaginya,2
initeksturnya,2
basically,2
skintonenya,2
akutu,2
sik,2
mampu,2
informasi,2
listening,2
rantau,2
real,2
dengerin,2
cuco,2
detox,2
maintain,2
trauma,2
rehat,2
nganga,2
sambi,2
daru,2
domjogja,2
brani,2
hydroquinon,2
tualang,2
lewat,2
secret,2
cmiitypo,2
rapih,2
hrus,2
kiehls,2
fixxxx,2
jobb,2
gudd,2
kini,2
mmencerahkan,2
langung,2
develop,2
kenyell,2
paksain,2
kandungangannya,2
mois,2
pulaa,2
tumpuk,2
luber,2
gmpg,2
makenyaaa,2
kompres,2
komedoaku,2
oenasaran,2
purchases,2
ganya,2
corrective,2
tidurr,2
kunjung,2
marah,2
halhal,2
niacinimed,2
sblumnya,2
pribumi,2
maru,2
novie,2
semagic,2
armpit,2
psssttt,2
seviral,2
ngelembabib,2
worry,2
nunjukin,2
perlu,2
galengket,2
shoppe,2
taunyaa,2
sejagad,2
termantul,2
baguuuus,2
nempelnempel,2
kisar,2
makeknya,2
tokped,2
cerahinnya,2
mui,2
bngtt,2
dirasain,2
daaan,2
error,2
trial,2
cuping,2
tulis,2
pajang,2
indikator,2
padat,2
beliiii,2
enjoy,2
uva,2
halusss,2
bgitu,2
samarin,2
garis,2
mncul,2
rusa,2
disabarin,2
temenan,2
teenagers,2
claims,2
voilaaa,2
sana,2
booth,2
kayakanya,2
lotionnya,2
instruksi,2
recomen,2
prodk,2
mention,2
supel,2
krena,2
marks,2
oyyyy,2
acung,2
dimukaa,2
bakl,2
sisi,2
gaak,2
hpi,2
naah,2
knpa,2
abs,2
drdl,2
lnjt,2
paraahhh,2
jerawatmencerahkan,2
kempess,2
fiks,2
februari,2
desember,2
sentuh,2
tmn,2
tanggung,2
farasya,2
samasama,2
ongkir,2
jadinyaa,2
wkwkk,2
ekpektasi,2
sedikit,2
content,2
picky,2
niacinamine,2
glowingnyaaa,2
ade,2
lamaaaa,2
gelringan,2
komentar,2
pouch,2
iyaaa,2
kardus,2
beliau,2
mami,2
media,2
sosial,2
dikulitmelembabkan,2
diaquteksture,2
harganyaa,2
poriporihasilnya,2
sportmengecilkan,2
deehmencerahkanmenghilangkan,2
kindly,2
ceu,2
akumungkin,2
exited,2
luntur,2
sebar,2
whitenya,2
capai,2
gabuat,2
mai,2
setelh,2
huhuh,2
jerawatmemudarkan,2
akubikin,2
ordinar,2
budgetnya,2
pudarr,2
wonder,2
bakhuciol,2
gasalah,2
doong,2
bersetifikat,2
smoga,2
semuaa,2
terjangakau,2
tuu,2
duatiga,2
jerawatkuu,2
stars,2
benton,2
telaah,2
hskin,2
kebanyakn,2
pride,2
kulittt,2
youll,2
dipakengelembabin,2
jerawatngilangin,2
produck,2
semi,2
pertamaketiga,2
sayatetapi,2
gataltapi,2
berjerawatmngkn,2
ngelanjutin,2
sist,2
brightnya,2
ajasih,2
bercak,2
nyegrak,2
kelihataaan,2
spesifik,2
comes,2
jauuh,2
results,2
buruburu,2
fwnya,2
akhir,2
termausk,2
inggrident,2
keroyokan,2
lit,2
aciatica,2
okok,2
stabil,2
alu,2
mencerahkantapi,2
vakum,2
ling,2
trnyt,2
meja,2
cma,2
berminyakk,2
ngelebihin,2
bedain,2
sport,2
sociolla,2
higly,2
naikkkk,2
bggttt,2
muluuuus,2
impi,2
sepet,2
cepatt,2
vote,2
denial,2
ceraaaah,2
patut,2
niaciminide,2
isnt,2
room,2
somewhat,2
worse,2
pasahal,2
smell,2
turned,2
drying,2
mantulity,2
hbungin,2
hiperpigmentation,2
yey,2
makasii,2
waterbased,2
yaahh,2
kos,2
beuuh,2
mgg,2
mnrtku,2
rutinn,2
prodaknya,2
huu,2
dermatitis,2
makeupnya,2
keinget,2
ehhh,2
jelly,2
pngen,2
siapatau,2
yolo,2
prinsip,2
stdaknya,2
trims,2
kulita,2
essens,2
sangka,2
mahhhh,2
makeip,2
lebar,2
smaa,2
cintak,2
layu,2
aky,2
inamide,2
pipit,2
potensi,2
nyataa,2
luvvvvv,2
nampolnya,2
bekasjerawat,2
ehehehe,2
enakkkkkk,2
woooyyy,2
sekaliiii,2
sbm,2
padabal,2
bohongggdan,2
terlau,2
dikulitkuu,2
cuss,2
soallnya,2
sam,2
gift,2
dispread,2
bnrn,2
become,2
inisedih,2
manteppp,2
peoduk,2
matengin,2
judul,2
awesome,2
akhrnya,2
nyegerin,2
melting,2
diselingin,2
cerahinmudarin,2
jugarepurchasemungkin,2
instanudah,2
akn,2
arah,2
ankalo,2
meminimalisir,2
bur,2
geday,2
diolesin,2
halussss,2
tampak,2
hya,2
jyga,2
idup,2
tokopedia,2
oles,2
hipermentasi,2
selangseling,2
pagimalam,2
kulitjugaterasa,2
aint,2
grissy,2
hasilnyaaa,2
tiktokshop,2
looking,2
shooting,2
nunjukkin,2
sewow,2
berekpetasi,2
bought,2
tik,2
blibli,2
trnyta,2
mentrigger,2
live,2
foundi,2
sangaaat,2
nyimpennya,2
singgah,2
touch,2
peau,2
votre,2
concernya,2
jesslyn,2
cerahga,2
highlight,2
originalnya,2
beber,2
wanginnya,2
bruntusanpadahal,2
lembabtapi,2
lagipadahal,2
bruntusanabis,2
dominan,2
harsh,2
babes,2
sooting,2
facewash,2
cover,2
hiksss,2
moistnya,2
ampuhhhh,2
dos,2
ituudh,2
mamah,2
debu,2
dontsnya,2
akhr,2
efektifitas,2
stayterus,2
berulangulang,2
suwer,2
damping,2
anehlgsg,2
niacimnd,2
dgr,2
samaaaa,2
dahipipi,2
september,2
overhype,2
moistured,2
das,2
turns,2
parahhhh,2
wlaupun,2
beuh,2
siangmalam,2
punggung,2
seworht,2
contoh,2
menganggu,2
meresapp,2
enakk,2
sedihh,2
tapu,2
laun,2
kandungam,2
serba,2
racunin,2
dehwajahku,2
glowingtimbul,2
melembab,2
alergigak,2
famili,2
mna,2
penyebabnyapas,2
bulanhasilnya,2
pda,2
cerahsehat,2
patches,2
kusamtanpa,2
ayo,2
somethincpaling,2
dibawabawa,2
baaaaaangeeeeetttt,2
ditawarin,2
kelas,2
cerahlembabjerawat,2
sumpaaa,2
pakeiin,2
cocokcocokan,2
gimna,2
absorb,2
nangiss,2
forever,2
bro,2
niacinimidenya,2
marry,2
penggunaanya,2
ayooo,2
buruannnn,2
ayoooo,2
guysssss,2
somethinccccv,2
sudahh,2
nowwww,2
lamaquuu,2
combineee,2
whitecase,2
bulandari,2
lagilagi,2
skinsycling,2
itt,2
tetangga,2
aqua,2
sooo,2
haple,2
lighteningnya,2
ngresepnya,2
antioksidannya,2
pioneer,2
ting,2
loohhhh,2
buatdipake,2
sekarangreally,2
play,2
gaadacdrama,2
terringan,2
pantai,2
produkproduknya,2
mantulll,2
juang,2
reformula,2
expired,2
clinic,2
timbulbut,2
glycerin,2
kepala,2
baget,2
enough,2
barrierpun,2
bing,2
ahhh,2
nusuk,2
mulusss,2
nyerahun,2
tementemenn,2
laindan,2
kempesin,2
shopeeproduknya,2
artikel,2
somethincakhirnya,2
niacinemaid,2
retionoidnya,2
terxturenya,2
dekil,2
lightnya,2
probably,2
essential,2
everyday,2
rena,2
ngecil,2
rambut,2
salim,2
jelang,2
bosen,2
ratus,2
paksa,2
adl,2
sembari,2
ngalir,2
serym,2
recommed,2
kipas,2
ngiranya,2
klaten,2
puji,2
cerahanyanh,2
santai,2
puter,2
awa,2
mencetin,2
bersihhhh,2
geming,2
ngejaga,2
changed,2
bolak,2
give,2
belepotan,2
heheehehe,2
kontras,2
bangt,2
ketergantunhan,2
pollll,2
bocor,2
cairgampang,2
sukaaaaaa,2
ekspektasiku,2
peptide,2
akudan,2
intensitas,2
ngelawan,2
investasi,2
bat,2
reticor,2
sos,2
cucmey,2
lmyan,2
mencerahkam,2
parfume,2
boost,2
ckp,2
bangat,2
gud,2
kusasesuka,2
gmpang,2
drnya,2
mahalmahal,2
abalabal,2
femes,2
restocknya,2
repurchasednya,2
significan,2
different,2
onlen,2
ber,2
redah,2
katany,2
serumkandungan,2
cerahalus,2
eventhough,2
persentage,2
downgrade,2
pkaein,2
downside,2
dropper,2
dermatologist,2
worthed,2
acidnya,2
incer,2
worst,2
tesktur,2
booster,2
jakarta,2
terdabeeesssttt,2
yea,2
nyklo,2
pagimalem,2
skincarenya,2
semu,2
hahaa,2
smhydrating,2
imbangin,2
hahahaa,2
naksir,2
terdabest,2
ekstrim,2
hilangmungkinkarena,2
wajahlumayan,2
haluuuss,2
gbsa,2
cairrr,2
terusss,2
lenget,2
studio,2
superduper,2
smapai,2
muantap,2
contact,2
green,2
ngilangi,2
hak,2
frustasi,2
hufftt,2
miss,2
lucky,2
lacoco,2
huehehe,2
ciwi,2
smpai,2
kondisikecocokan,2
sah,2
jauh,2
masyaallah,2
jawline,2
nandingin,2
cintaaa,2
jug,2
goto,2
selfie,2
cairrrr,2
kusukaa,2
pelit,2
terakhirr,2
yeyyy,2
nyocokin,2
itemterus,2
surabaya,2
ngatasi,2
normaltodry,2
diporsiin,2
diamdiam,2
daging,2
luminos,2
jerawatnyaa,2
frist,2
thankyouu,2
gelapkusamrecommended,2
beberaapa,2
raguu,2
kalay,2
wjb,2
nicinamidemuisture,2
yaluv,2
krimskincare,2
dokterklinik,2
selisih,2
okayy,2
bland,2
diapain,2
wkwkwkwk,2
surprise,2
ekstrem,2
kandunganya,2
selsel,2
bertahuntahun,2
whiteningnya,2
intinyaaaa,2
sehaatt,2
ngetest,2
randompernah,2
remove,2
namely,2
girl,2
ember,2
juaraaa,2
kebutuhankuoverall,2
switch,2
serumaku,2
sajano,2
dadak,2
nga,2
packagingwise,2
keeps,2
rutinaku,2
goodbye,2
flekku,2
nutupin,2
ngeringkas,2
ngehambat,2
yeah,2
kepincut,2
cosrx,2
kulitsuka,2
cerahkarena,2
kulitnyaa,2
adembersih,2
terksturnya,2
oksidan,2
gakbikin,2
sukakk,2
specialis,2
vera,2
jujurrrr,2
solo,2
okeeee,2
teksturenta,2
microdermabasi,2
zuper,2
kecantol,2
microdermabrasi,2
middle,2
okelahh,2
dehydration,2
acetyl,2
jerawatann,2
iniudah,2
akuaaa,2
cerahcocok,2
mainterkhusus,2
goes,2
kapasitas,2
kependem,2
paskib,2
trbakar,2
hinyai,2
besarbesar,2
pyto,2
aplikator,2
diimbangin,2
lagiiii,2
berhanti,2
lembabb,2
jastip,2
memudarlan,2
colok,2
gajauh,2
kenyang,2
skrang,2
thru,2
years,2
piling,2
elegan,2
edukasi,2
rid,2
gadang,2
cepetnya,2
manusia,2
sebenrnya,2
direview,2
insyaallah,2
pkonya,2
kakaku,2
perfume,2
hallo,2
tuang,2
working,2
ilangg,2
sayangg,2
abt,2
repot,2
mine,2
recommendeddd,2
kubur,2
terrr,2
ceramides,2
hypenya,2
rich,2
marak,2
dibndingin,2
innisfree,2
finishingnya,2
skitar,2
hydrated,2
inibakal,2
bare,2
skintific,2
wawangian,2
oml,2
berjarawat,2
google,2
disimpen,2
nyenget,2
takar,2
semnjak,2
buluk,2
betapa,2
jerawatjerawat,2
semogo,2
boosting,2
zaman,2
adlh,2
langkah,2
ngerawat,2
gumpal,2
gitujujadi,2
keti,2
yanh,2
reviewan,2
vitc,2
dibaurin,2
ngsih,2
becoming,2
produknyaa,2
setangah,2
gra,2
mls,2
buktiin,2
kedok,2
pokony,2
nyerepnyaa,2
searching,2
lambung,2
hyluronic,2
cowok,2
steril,2
urus,2
reviews,2
ngomong,2
seglow,2
tukeran,2
woee,2
nawarin,2
huhuuu,2
tdak,2
xbeauty,2
nicainamidenya,2
jan,2
hanis,2
dehhhhhhhhhhhh,2
kusamsedihpadahal,2
nyakelihatan,2
yaampuh,2
puk,2
riskan,2
tanggal,2
dapett,2
socmed,2
mencerahkann,2
stres,2
ceki,2
applied,2
wfhini,2
mostly,2
wfo,2
ngurangi,2
benerrr,2
intense,2
beyond,2
sukakkkk,2
cuy,2
flekk,2
nanggung,2
atauu,2
diaa,2
scalett,2
mnrt,2
shared,2
musnah,2
pokokna,2
akuh,2
tolonggg,2
cocokbikin,2
into,2
syarat,2
untu,2
inihasilnya,2
comfortable,2
kombo,2
pinggir,2
doanggg,2
jerawt,2
cock,2
bakuciol,2
okedan,2
darah,2
ngaruhmuka,2
jerawartku,2
udahlah,2
tamu,2
going,2
prna,2
trnya,2
kegunaanya,2
recomendedd,2
pokonyaa,2
lemon,2
storenya,2
gasabar,2
kulitkubyg,2
trusted,2
bersahabay,2
okeee,2
tautau,2
bahaya,2
labuh,2
ilangilang,2
cimit,2
yasudah,2
meredain,2
besti,2
makassar,2
keringgg,2
gakuat,2
semoet,2
ditotolin,2
pamakaian,2
event,2
cendrung,2
easily,2
porsi,2
sebelumnyaaini,2
part,2
produkmau,2
solvernya,2
peelingnya,2
niacinmide,2
productnggakalah,2
browsing,2
overpowering,2
discolorationnya,2
pling,2
yauda,2
greget,2
rezeki,2
lamaaa,2
anggur,2
mi,2
wadah,2
kea,2
bhan,2
wise,2
suuuuuuuuuuper,2
abuabu,2
bangetttglowingmencerahkanwow,2
cepeeet,2
miripmirip,2
juli,2
jewarat,2
sepenuh,2
lembabbb,2
bimbang,2
ajibbb,2
darkspotnya,2
niacintar,2
nglembabin,2
pale,2
yessss,2
goodjob,2
ayoo,2
semuaatp,2
kulanjutin,2
mantab,2
tujuanya,2
bumilku,2
lovelovelovelove,2
petals,2
keep,2
saay,2
perubahanya,2
dapetinnya,2
zonk,2
clearing,2
mudari,2
yass,2
oilysensitive,2
petalsnya,2
sbenernya,2
hitz,2
superb,2
resep,2
blackspots,2
appear,2
regular,2
eeh,2
gaban,2
maen,2
gantiganti,2
nyatu,2
inimerasa,2
bounchy,2
leber,2
bantet,2
temuin,2
minggusebulan,2
ukrn,2
cantika,2
abel,2
gaaais,2
pustule,2
wear,2
slim,2
jenih,2
aaaand,2
find,2
sensi,1
ngirimnya,1
kuliktu,1
thickdia,1
hempasand,1
pakenyaa,1
okaay,1
ledak,1
nego,1
rupa,1
emaaang,1
kaan,1
hgtt,1
jujurrrrr,1
vloggers,1
hahhaha,1
acneoily,1
satisfypertama,1
cerahkeduahipopigmentasi,1
sembah,1
sedikitt,1
aubree,1
nihproduk,1
ksl,1
cumaaaaa,1
dullnesskarena,1
fragnancee,1
smoothens,1
plis,1
hipopigmentasi,1
cewek,1
cumen,1
lengkeeet,1
aamiin,1
progressnyapaling,1
foundiemakin,1
abisehtapi,1
bungkus,1
makah,1
gedhenyaa,1
besokny,1
bela,1
ngereviewin,1
hepiiii,1
lampias,1
mgguan,1
merksaking,1
udaj,1
tabung,1
jaya,1
lancar,1
naik,1
ngejangkau,1
edar,1
ditumpahin,1
sederhana,1
diwrap,1
stlah,1
tanganseperti,1
lotek,1
dmna,1
jerawatselama,1
gaberasa,1
slimey,1
yaang,1
mencerahkannyan,1
dare,1
calmer,1
buntung,1
ktny,1
kall,1
alusin,1
cucimuka,1
somethich,1
prelovedin,1
makasihh,1
hydration,1
disappear,1
exp,1
kdng,1
brandlocal,1
halo,1
abrek,1
kempeeees,1
baikin,1
padahall,1
enggakkk,1
ngehydrated,1
naro,1
wowwww,1
sekaeang,1
bain,1
yallahh,1
gloweeenggg,1
slide,1
dicariii,1
tempo,1
bencana,1
miirip,1
kepoan,1
nye,1
reviewku,1
ngeyel,1
bgtbgtbgt,1
yallah,1
besartapi,1
macne,1
mlrepurchase,1
proud,1
dikarnakan,1
ordina,1
yay,1
jujyurrrr,1
dipreloved,1
dahsyat,1
tanggerang,1
rim,1
kantapi,1
terimakasihh,1
pricenya,1
guis,1
kerna,1
hibahin,1
membudat,1
huhuuuu,1
mao,1
prustasi,1
ajaas,1
satusatu,1
our,1
thickly,1
kagett,1
ngegass,1
akukalau,1
berfikir,1
khilaf,1
moon,1
degdegan,1
penyusuaian,1
besokbesokan,1
apapundi,1
ngrreview,1
competitor,1
bangert,1
oos,1
kucobaa,1
dehydrated,1
seajib,1
krnapa,1
kuranglebih,1
breakoutpanas,1
rebut,1
mbuat,1
klairs,1
nyut,1
mistnya,1
dengam,1
menlonjak,1
cairmudah,1
refurchase,1
xtra,1
balancing,1
sebummya,1
sebernya,1
normaloily,1
sebelumnyaku,1
thumbs,1
ghoib,1
belabelain,1
huuu,1
telitu,1
prtama,1
place,1
record,1
pictures,1
kesima,1
sebulanlangsung,1
hanget,1
taptap,1
bngun,1
akan,1
facemist,1
gaaada,1
minggubener,1
basicnya,1
menjadijadi,1
bangetbuat,1
nemulah,1
final,1
akuso,1
pokoknyabakal,1
cerahpas,1
srum,1
finishing,1
kempestp,1
ngilainnya,1
doangskincare,1
kanyg,1
birurepurchase,1
slama,1
tam,1
banyakin,1
tris,1
mantaf,1
perang,1
jemima,1
derita,1
ngontol,1
tiada,1
ngiri,1
doank,1
merahmerahnya,1
lahhhcocok,1
taroh,1
lagiapa,1
wang,1
sensifitkalo,1
lembabmuka,1
cerahngurangin,1
jerawatcinta,1
inikandungan,1
dibenerin,1
shopeee,1
nganggap,1
design,1
travelfriendly,1
dikiiittt,1
rumahaja,1
mnggu,1
meh,1
manis,1
waaaaaa,1
cintaak,1
freckless,1
kkn,1
condong,1
breaking,1
resiko,1
niacinemice,1
mambu,1
meghidrasi,1
nyauntuk,1
ditangandan,1
jerawatnyaaa,1
gibahin,1
obt,1
blnnya,1
hlg,1
niacinamde,1
plusss,1
cushionnya,1
everything,1
beken,1
similar,1
thicccc,1
heheheseampuh,1
elshskin,1
wrn,1
minimalproduk,1
haragnya,1
ajahasilnya,1
mudarain,1
aply,1
taraaa,1
siap,1
serumdari,1
fda,1
laa,1
candu,1
bejerawat,1
taksturnya,1
makepadahal,1
lahhabis,1
gituaku,1
habisrepurchasega,1
kayanyamau,1
gabiasa,1
besi,1
wangiwangian,1
pertamapake,1
inibikin,1
knyayang,1
eksim,1
minder,1
cepar,1
musthave,1
novemberkulitku,1
melembabkanbikin,1
hilaang,1
gregetan,1
barter,1
kepiting,1
gal,1
brekout,1
ngilangkn,1
wajahtermasuk,1
hasilny,1
bngtttyang,1
jerawatttsedih,1
pdhll,1
dikantongggsayangnya,1
pilah,1
alhamdullilah,1
tangung,1
ngempess,1
sesukaa,1
sabarpemakaiannya,1
iini,1
menirut,1
respond,1
inin,1
blurry,1
rapet,1
ngide,1
misleading,1
nekad,1
gajelas,1
butlama,1
trllu,1
rda,1
seringya,1
brarti,1
date,1
aloevera,1
bruntusannyaa,1
kayaa,1
akuunya,1
harbolnas,1
sawo,1
matang,1
anddd,1
instruction,1
cmiiw,1
sihtapi,1
sebelahh,1
jerawatny,1
yaaaah,1
buln,1
jerawattt,1
cerahmuka,1
recomendasiin,1
menyerapp,1
biin,1
mencerahkn,1
simpel,1
banyakbanyak,1
logam,1
bewarna,1
complexion,1
hapus,1
cocokengga,1
betterrr,1
setel,1
meresapkalau,1
lembabtekstur,1
jugadan,1
dicampurin,1
bangum,1
goodluck,1
merahnyaa,1
bangeeettt,1
ketat,1
yatuhan,1
ginii,1
bskknya,1
gabagus,1
cautious,1
buttt,1
buatt,1
selaluuuuuuu,1
oilynya,1
keratjunan,1
productproduct,1
hitamhyperpigmentasi,1
salahsatunya,1
kita,1
kenyaldan,1
beruntusberuntusan,1
prelived,1
ngehbsin,1
atw,1
lai,1
terllu,1
bwt,1
smg,1
ascorbic,1
lembabinnya,1
menrut,1
lebihmenurut,1
teryata,1
nampaknya,1
holder,1
holdernya,1
lendir,1
siput,1
kujadiin,1
menulmenul,1
bikinkulit,1
essencenya,1
giti,1
enaaaak,1
guddd,1
wajahtapi,1
ajabuat,1
bruntusantekstunya,1
pakaibiasanya,1
akuawal,1
akunumbuh,1
jerawatsempat,1
cocokaku,1
abistrs,1
blnpas,1
gitumungkin,1
paketp,1
kulitdark,1
mudarmelembabkan,1
jgbaunya,1
dulss,1
hiyhiy,1
pars,1
memgurangi,1
janjik,1
lembaaab,1
dicobaa,1
gimanagimana,1
untuk,1
gimanaa,1
brekottttr,1
sedihbbgtttt,1
mei,1
sedikiiiiit,1
loreal,1
bandung,1
ilaanggg,1
gakenapa,1
dtk,1
buanyaaaaaaaaak,1
mengandhng,1
overdosis,1
glue,1
ilaangg,1
bekasbekasnya,1
nimbuljn,1
ngakalin,1
diterusin,1
fulll,1
khianat,1
diam,1
bangettttttttttt,1
runut,1
strengthen,1
brighetening,1
tipistipis,1
sureeeeee,1
officialnya,1
detail,1
arahin,1
alright,1
jatoh,1
megangnya,1
bete,1
provide,1
inisempet,1
bruntusankubucin,1
makeserum,1
orangtp,1
sihpake,1
dongtapi,1
lagiefek,1
yarepuschase,1
rosacea,1
trouble,1
dikiiiiiit,1
tani,1
hasilnyajadi,1
bngy,1
habishabis,1
lover,1
texturewah,1
gooey,1
enakkkkkkk,1
cantikkkk,1
kne,1
gakan,1
aaaaaa,1
katanyaa,1
ceroboh,1
acnes,1
secintaaa,1
tercontrol,1
rasakanlahhh,1
evening,1
those,1
should,1
ditemen,1
sndiri,1
dapetinny,1
tmnku,1
berbedabeda,1
yag,1
cairr,1
muchhhhh,1
bouncy,1
ofcoursee,1
influencers,1
teralalu,1
sukaaaaaaaa,1
jerawatkuuu,1
bauny,1
hmpr,1
tdny,1
gprnh,1
pencetpencet,1
theordinry,1
sense,1
saman,1
beningcepat,1
dehdia,1
hitamtapi,1
skylar,1
jatuhin,1
srcara,1
batss,1
samaarr,1
baheula,1
sukakkk,1
gilabener,1
sihlumayan,1
jdin,1
affordble,1
brsa,1
brasa,1
offcourse,1
disebutin,1
mingguanngaruh,1
akumau,1
negosiasi,1
iritasidari,1
rasarasanya,1
yessa,1
segerrr,1
habisss,1
begitu,1
ngemall,1
maintaning,1
dsb,1
tubuh,1
agaiiin,1
laama,1
murni,1
gedepadahal,1
gatalgatal,1
baikbaik,1
afforable,1
hyram,1
baguas,1
dooong,1
hilangg,1
monangiss,1
lambab,1
goodside,1
stand,1
gokillll,1
hiend,1
seeebagus,1
tuan,1
mulai,1
deg,1
degan,1
engg,1
kirim,1
kotaoripemakaian,1
mendemjerawat,1
cermin,1
serumng,1
jeeawat,1
gabsa,1
deciem,1
sush,1
hrsnha,1
ngatur,1
matengnya,1
gitugampang,1
brilliant,1
bubur,1
sedi,1
alcoholparfume,1
yatp,1
sudsh,1
hehhe,1
ngatasinnya,1
mush,1
somethincreview,1
bgtdy,1
jujuuuur,1
skinsudah,1
betterpatut,1
laincinta,1
door,1
trying,1
invested,1
perspective,1
instantly,1
mall,1
paper,1
nyeplak,1
bermingguminggu,1
regulate,1
sedep,1
sejenin,1
pagisore,1
random,1
muraaaaahh,1
sayaaaaang,1
hilaaaaang,1
ngemepesin,1
grailthis,1
game,1
glowness,1
subtle,1
cintaaaaaa,1
komplain,1
bulat,1
lentur,1
gadapet,1
hada,1
labo,1
jeriwinya,1
binggung,1
oktober,1
darkness,1
mind,1
sugest,1
woiii,1
bangettttsuka,1
abiskalian,1
hwaaaa,1
affrodable,1
pertamakuu,1
stickynya,1
gtt,1
nondokter,1
naicin,1
bayar,1
things,1
lengkeeeet,1
amunisi,1
packaginya,1
gedejadi,1
huaaa,1
jrwtnya,1
changerhuhuhu,1
darkspots,1
smh,1
name,1
doubt,1
stocknyaa,1
dorong,1
diblendnya,1
apalgi,1
year,1
noticable,1
rajalela,1
sodara,1
prelv,1
bump,1
medan,1
dipagihari,1
kya,1
btol,1
soethinc,1
saudara,1
mecegah,1
shud,1
mangsi,1
janjiin,1
ngehydrat,1
cairbeli,1
bruntusansedih,1
ngelupasbaunya,1
yaahedited,1
sooooo,1
berbusawangi,1
beuddd,1
malamcuma,1
noooo,1
glowserum,1
kaliserumah,1
keringyang,1
bangetgak,1
kulittektur,1
dannnn,1
kotorancocok,1
segermenghilangkan,1
scarlettt,1
buangetttt,1
penakaian,1
netepin,1
topppppp,1
diffrence,1
smoother,1
buying,1
skeptisss,1
mantan,1
upnya,1
fixxx,1
underrated,1
berjewarat,1
gitulohhh,1
ampunnnn,1
berangkat,1
biking,1
langsg,1
ripous,1
pket,1
pron,1
lembutbikin,1
sorryy,1
lembutttt,1
busuingga,1
amankarna,1
waterbase,1
daynya,1
daycream,1
benerannya,1
luat,1
ampuhh,1
harussss,1
sehar,1
camelia,1
combioily,1
serumskincare,1
packagingnyaaa,1
cukuo,1
sreg,1
sukaak,1
enakeunnn,1
masuh,1
faceoil,1
skincareuntuk,1
nyas,1
ajaacocok,1
hhe,1
wajahdaan,1
menghilangtq,1
bagusssssss,1
bangety,1
kagi,1
akuutipe,1
menglowing,1
menguatkannnn,1
nodaaa,1
cerahanmemudarkan,1
rutinnnn,1
mudahhhh,1
sukaaaaaaaaaa,1
initekstur,1
ndempul,1
gengss,1
mingguankalo,1
inggredients,1
trmasuk,1
pokokx,1
ktax,1
kroyokan,1
kontra,1
mukafacial,1
koq,1
oketekturnya,1
punyaini,1
keong,1
busetdahhh,1
naaah,1
drmh,1
gaklebay,1
kumayan,1
kecewaaaaaaaaaaaaaaaaaaaaaaaaaaaaaaaaaaaaaaa,1
mengcover,1
keceeeeeeeeeeeeeeewwwwwwwwwwwwwwwwwwwwaaaaaaa,1
efeknyacumaanemang,1
friendlybuat,1
gentlejd,1
retinolnyamenurutku,1
scarlettakhirnya,1
fomy,1
ninggali,1
efekk,1
kalaw,1
yuhuuu,1
ajabelum,1
breakoutmungkin,1
dingintapi,1
gerahtrs,1
bbbbbbbbbbbbbbbbbbaaaaaaaaaaannnnnnnnnnnnnngggggggggeeeeeeeettttttttttttttggggtggtggggggggygggyyyyg,1
pixy,1
reality,1
blendnya,1
aromateraphy,1
angin,1
jerwatn,1
polll,1
napas,1
emgnya,1
fyp,1
konsistem,1
ditanyaaa,1
lengketkalau,1
oky,1
kekuranganya,1
habissss,1
micellar,1
besttt,1
pengin,1
baklan,1
balsem,1
cosmetics,1
kuningg,1
rban,1
kely,1
sihheh,1
dey,1
heheheh,1
pondasi,1
ueankk,1
mulberrynya,1
greassy,1
whiteningnyaaa,1
oramg,1
kamdungan,1
ngebersihin,1
beningada,1
bertubetube,1
berjewat,1
segerr,1
bangetttsukaa,1
ekonomi,1
juag,1
perubahannnya,1
sihtekstur,1
application,1
uhu,1
jellyish,1
dimukakuu,1
teras,1
jerawatberuntusan,1
moistnyaa,1
partikel,1
hehehehehhehehe,1
diakuuuuuuu,1
gituuuuu,1
sebelumsebelumnya,1
hehesi,1
uyeeeeakhirnya,1
creamini,1
cer,1
guysyang,1
takutin,1
repott,1
squalene,1
bolabola,1
pemakaianteksturnya,1
grape,1
propolis,1
jeju,1
hazel,1
witch,1
digunakantekstur,1
kode,1
komplit,1
seutuhnyasemangat,1
pntg,1
bayikkk,1
bintangmahayanacom,1
mampir,1
yuhuu,1
retouch,1
daki,1
ceunah,1
tes,1
mendung,1
ketul,1
mineral,1
cat,1
hydroquine,1
kelembabannya,1
terciumuntuk,1
mudawanginya,1
abizz,1
csman,1
yaaateksturnya,1
underestimate,1
regenerasi,1
angkut,1
lengketwarna,1
parahsi,1
look,1
kosmetik,1
refleksiin,1
glownya,1
nyoynyoy,1
pure,1
beras,1
tajin,1
methoxycinnamate,1
ethylhexyl,1
dominasi,1
tnr,1
jatah,1
bodycareku,1
adang,1
pao,1
ketatik,1
tandingg,1
matter,1
papaya,1
busain,1
beri,1
pricely,1
cintaah,1
ahahaha,1
gemoy,1
terhidrate,1
gpang,1
langsungsbetelah,1
jandi,1
jidatteksturnya,1
kananpipi,1
wkwkwkaku,1
words,1
bangetttwangibikin,1
memudarrrlumayan,1
lagiuntuk,1
amuk,1
mallsupermarket,1
eitsssabis,1
lumaya,1
pepaya,1
perangkat,1
packing,1
iritasimungkin,1
ohh,1
waww,1
dihilangin,1
suah,1
gituuuu,1
strek,1
breakoutpurgingg,1
november,1
akujerawat,1
enal,1
ilangnyaa,1
susncreennya,1
kecut,1
sddgkwllamsnsbdnxlslwlpwpeorirjrjrjnrnrn,1
glowup,1
kebesarann,1
thxu,1
agh,1
puasss,1
nuang,1
arbutinnya,1
nyuci,1
gimn,1
celup,1
mudhan,1
fancy,1
kempesnyaa,1
sebelumnyaaa,1
pinter,1
makeny,1
kusamsenengnya,1
takernya,1
byebye,1
ucap,1
kolaborasi,1
lavender,1
nyobaa,1
fallin,1
akirnya,1
murahh,1
langsungg,1
yng,1
kckkxjsiaolzkkcjcjxjcicjjxkckc,1
gitudehhdjdkdkdkxkxkkxkcckckxndnjxjcjcjcjcjckckckkckkcncjcjcncjcjcjkckckckckckkcjcjcncjcjcjcjjcjcjcjcjckwklwjxdnsldkdjcnjdkdkdldlkcjcjdklzlzkckkckdksxlkckckckxkxkzkcjskkxkxkk,1
mencewakan,1
iniihlembapnya,1
bbcream,1
kook,1
tryy,1
sat,1
konsultasi,1
berspf,1
seriouslyyyy,1
puging,1
pemakean,1
hijau,1
tosca,1
sensationnya,1
comfort,1
sensasu,1
oranye,1
tas,1
bekerjanyaatau,1
jerawatkelembaban,1
yauntuk,1
alangkah,1
genap,1
perubahanannya,1
inovasi,1
sensitifjerawat,1
suppa,1
andd,1
salutee,1
perbedaannyawajah,1
juaraakkk,1
bangetwarna,1
breakou,1
serumacne,1
gituselain,1
tajam,1
yeeay,1
deterjen,1
mengecewakanmemuaskan,1
hasilnyajangan,1
sihuntuk,1
gitupackaging,1
airada,1
istimewa,1
ajakarena,1
kamar,1
siy,1
cling,1
pknya,1
lifting,1
pengenin,1
hariaktifitas,1
meresapnyabikin,1
bodycarenya,1
ganyesel,1
worthhjhhh,1
perihhh,1
sich,1
juaraaaaaa,1
gatelperih,1
pengunaan,1
ngilangnya,1
moisturizerternyata,1
parfumenya,1
daycreamnya,1
ngetrigger,1
tuhan,1
checking,1
emangs,1
lembabsemoga,1
glowinkkkk,1
akunext,1
beeeehhh,1
lagisiapa,1
blumlightnya,1
iniekspetasi,1
reminds,1
kinda,1
lengketudah,1
terhidrasitapi,1
amannn,1
ekspect,1
prestige,1
buar,1
sebal,1
world,1
whitecastnya,1
terhidrasiharganya,1
lovin,1
terusterusan,1
benerbenar,1
usin,1
lophhh,1
kanget,1
matahariiiii,1
soba,1
agen,1
adaanah,1
ginseng,1
emollient,1
jelita,1
greasyy,1
wajahsetelahnya,1
dirataiin,1
whitecasenya,1
kam,1
ulta,1
underated,1
kucaricari,1
ilmiah,1
effortless,1
fragrancefree,1
lilac,1
blended,1
sxb,1
kulitngilangin,1
cocoook,1
dipijet,1
ngelindungin,1
lokasi,1
puanaaass,1
rangkain,1
kontribusi,1
rumput,1
buangeet,1
deskripsiinnya,1
sepositip,1
gituloh,1
tacunin,1
hidrokuinon,1
dai,1
dibuktiin,1
dadi,1
whiteblackhead,1
bagusnyaaa,1
jogjaa,1
these,1
cucoooook,1
yourself,1
fikiran,1
aih,1
berantas,1
twt,1
berkurangpokonya,1
afford,1
cadang,1
moiz,1
siiiih,1
gemesss,1
sendiri,1
formulated,1
produknyaaaa,1
bunga,1
security,1
pokkoknya,1
ittttttt,1
ngerjain,1
ngangkat,1
meresapuntuk,1
wkwkwkwkwkwkkwkwkwkwkwk,1
maah,1
semprot,1
filter,1
minyakminyak,1
handy,1
glowynya,1
everr,1
lubang,1
limpah,1
gram,1
glowingpkokny,1
dongefek,1
fash,1
itutekstur,1
jerawatlumayan,1
berjerawattidak,1
jerawatlebih,1
sunbright,1
pentinggg,1
kerah,1
ohalaaw,1
mandireapply,1
belangapalagi,1
tonner,1
pakenyaseperti,1
lembutt,1
aplg,1
manekin,1
lagiproduknya,1
akuakhirnya,1
akupackaging,1
jerawatkandungan,1
fermentasi,1
jugaaaaaak,1
sistur,1
butternya,1
cairjadi,1
bole,1
nigt,1
jengjeng,1
bagusbikin,1
acnenya,1
tnggung,1
mattedrying,1
becekoily,1
ngeblendnya,1
repurcashed,1
haruss,1
recommenddd,1
kulitwarna,1
direkomendasiiin,1
awhitecast,1
dioxidenya,1
sicocok,1
sea,1
lagidia,1
kandunga,1
konsi,1
saa,1
ngingetin,1
intensive,1
sekaliintinya,1
foamy,1
kaku,1
glowinv,1
scrubnya,1
gllow,1
bangetluv,1
ruas,1
mukapaginya,1
dongaku,1
sayy,1
makeupnyaa,1
inigaperlu,1
jalanjalan,1
sprtnya,1
package,1
ngaruhsih,1
aktf,1
bedabeda,1
kasarbintik,1
trkh,1
camellia,1
dhyaluronic,1
dandan,1
cepetcepet,1
glowy,1
ngg,1
wkwkwkbuat,1
ajaabikin,1
nitht,1
advice,1
caircepet,1
drugstore,1
terapin,1
merigold,1
npure,1
baremgin,1
bersihh,1
bgttttttt,1
rekomennnn,1
sie,1
powerfull,1
cobaib,1
yabg,1
hasilnyabikin,1
bikiiin,1
kalahhh,1
dailyyy,1
sunscreenbikin,1
kusammakin,1
pokonyaini,1
normaldry,1
washnyaternyata,1
brighly,1
dirumahh,1
diskonann,1
yaabuat,1
tipekal,1
bukann,1
kuramg,1
calmingnya,1
cremnya,1
aplagi,1
glowingggg,1
tapiiiii,1
itttt,1
digosokdisemprotin,1
koneeeeng,1
dekripsikan,1
dipakesalah,1
dray,1
dipaketeksturnya,1
ngegeser,1
tested,1
dermatologically,1
percis,1
kuerennn,1
sudh,1
agingnya,1
surgaaa,1
gda,1
titisann,1
mataaa,1
ringann,1
euy,1
moght,1
segerbukan,1
waaaudah,1
kalok,1
mental,1
bangung,1
faham,1
yakinlahh,1
accepted,1
yup,1
discuss,1
nodules,1
seems,1
sempetstop,1
bosa,1
loacl,1
cuyyss,1
ngegagalin,1
agi,1
aluuus,1
bakal,1
merecommend,1
produl,1
beautyzen,1
formulator,1
solt,1
halys,1
rescue,1
enakkeun,1
brharap,1
tiap,1
sturdy,1
pekejing,1
harapkanya,1
smuanya,1
pisah,1
lampungtapi,1
bandarlampung,1
jugatapi,1
soo,1
percentase,1
fragrnace,1
riah,1
apel,1
sebenere,1
blind,1
htm,1
gtuuuu,1
situasi,1
munkin,1
wuwuw,1
tmpatku,1
pakeee,1
pakao,1
menurukut,1
kitin,1
nemunemu,1
sedoh,1
syebelll,1
iniiiii,1
strongmenganggu,1
cmpur,1
begini,1
lgkt,1
yamasih,1
btwtapi,1
yakulit,1
jerawatn,1
ngaruhtapi,1
apek,1
nonton,1
restu,1
kupas,1
bahasa,1
segituu,1
kecilin,1
extractnya,1
ordy,1
outnya,1
postingan,1
oliy,1
akumalah,1
herbs,1
wrnanya,1
praktistekstur,1
gitujd,1
cobainpackagingnya,1
ceper,1
ehe,1
nypbain,1
significants,1
laid,1
consnya,1
youknowwhat,1
niacimacide,1
meresapwlaupun,1
ngalemin,1
gangguselama,1
sunscreenserumnya,1
jab,1
ngelembapinbeginner,1
emulsion,1
lalu,1
airless,1
tauu,1
katerusan,1
dijelasinn,1
pemakaiannyaa,1
lulur,1
handbody,1
obatin,1
suerr,1
bguss,1
nakal,1
dehsayang,1
friendlyah,1
bgtss,1
luvs,1
jod,1
voila,1
tekskturnya,1
cocokteksturnya,1
semuarepurchase,1
komedoku,1
pricewise,1
antem,1
ngajak,1
ros,1
eksimku,1
potong,1
voucher,1
acara,1
sisternya,1
sowyy,1
repurchasemmmm,1
repusrhcase,1
telatenteksturnya,1
penggunaannua,1
hmmmmm,1
loohh,1
nyampur,1
monthly,1
tenryata,1
anut,1
gitujadi,1
bruntusanjerawat,1
seamouh,1
eheheh,1
lqgi,1
gadibawa,1
isokee,1
retak,1
rentan,1
jelasinnya,1
nyarinyaa,1
keringet,1
benetan,1
ikutin,1
hehewww,1
komedi,1
melulu,1
tambang,1
freeong,1
sisss,1
beforeafter,1
dermawan,1
akubekas,1
gabener,1
jerawatanberuntusan,1
haislnya,1
surga,1
purginggmn,1
sooth,1
nyawui,1
nyobaaa,1
tpp,1
endingnya,1
hahahahha,1
superr,1
dibwajahku,1
criii,1
toped,1
ngapain,1
defenitely,1
repurchass,1
nunggunya,1
mantulnya,1
zuzur,1
kaian,1
tumbuhbagus,1
kiraiin,1
mudarrnyaaaaa,1
ternyataaaaaa,1
bgtkesini,1
ngetrend,1
tulungagung,1
lahbikin,1
sihringan,1
ituuuuu,1
liter,1
anda,1
takuttakut,1
seruk,1
jugamalah,1
ordinarygak,1
habiscoba,1
bangeg,1
somethingku,1
tugas,1
shari,1
segabut,1
hasnaky,1
formulanyaporipori,1
pastiiiii,1
buanyak,1
harusny,1
lainnnn,1
permanen,1
apapn,1
relative,1
rekomin,1
emangsih,1
lama,1
sangaaaatttttt,1
kandunganbya,1
minyaknha,1
gawatt,1
wahhh,1
drysensitive,1
jetawatku,1
utuh,1
otomatis,1
protecting,1
comparing,1
ditendem,1
hyaluronicniacinamide,1
dibersihin,1
cerahinngilangin,1
monangissssuntuk,1
ajaiibbb,1
kuberaniin,1
web,1
kupakein,1
fotoin,1
nambahjd,1
tiktoksehari,1
berniacinamide,1
halooo,1
rednessnya,1
texturewise,1
skuncare,1
moisturizerku,1
efeknyatp,1
bubble,1
atauberuntusan,1
fixing,1
properly,1
sedia,1
ptoduk,1
baunyaa,1
sendiiri,1
teksutnya,1
negeluarin,1
lokall,1
wuaoww,1
cikistuff,1
palembang,1
gojek,1
wrap,1
populer,1
lgs,1
loved,1
punyakualitasnya,1
ngulangin,1
concernku,1
ngerasaain,1
somenurutmu,1
minattapi,1
peelingrepurchase,1
gaminim,1
someday,1
enyoy,1
spreadabilitynya,1
paska,1
thayers,1
healingnya,1
durasi,1
moreee,1
dabest,1
beningteksturnya,1
karantina,1
eheheheheh,1
mrasa,1
suk,1
diblg,1
yesssszzz,1
prones,1
cocokkkkk,1
testinya,1
testi,1
doa,1
gasama,1
harganyanya,1
here,1
harianmuncul,1
ngebandingin,1
sukaaaaaaaaaaaaaaa,1
dipotassium,1
glycyrrhizate,1
tranexamic,1
yahtapi,1
brkas,1
hri,1
pisannnn,1
woiiiiiiii,1
scincare,1
semuaaa,1
mantapaku,1
bangetkalau,1
nicotinoyl,1
akuuntuk,1
les,1
krk,1
teknologi,1
waswas,1
emamg,1
sakitttt,1
tdr,1
bust,1
hihiii,1
lemak,1
momon,1
eksfo,1
thic,1
terap,1
baunyaaaa,1
brighteningnha,1
papa,1
biasanyanyesel,1
keluaraku,1
inibeli,1
sedihnyaa,1
jarawat,1
flip,1
epidermis,1
lipid,1
ngeri,1
gituselama,1
jerawatanbintik,1
enya,1
rumin,1
hitambekas,1
melembabakan,1
tradisional,1
thd,1
instead,1
engap,1
sbtr,1
berubahhh,1
benran,1
panjnag,1
kmna,1
uhuy,1
harihari,1
jafi,1
menghydrate,1
cukuppekat,1
jerawatanhaid,1
nyerepga,1
jerawatankena,1
inimuka,1
amanahsoalnya,1
inisemoga,1
ajadan,1
segalaa,1
menjadiii,1
kembali,1
bisaa,1
tunda,1
tumbuhmakanya,1
mukaterus,1
bakteri,1
acnatu,1
bangetukurannya,1
oxidize,1
tim,1
fragnance,1
ginkgo,1
mugwort,1
donkkkk,1
syaang,1
iki,1
glowww,1
loveee,1
temanteman,1
comboin,1
kulittekstur,1
gell,1
kimiawi,1
types,1
favoritin,1
ingaat,1
harusssss,1
hydrosol,1
succinic,1
sempat,1
gluconolactone,1
sekebooonn,1
jgg,1
mual,1
amanbuat,1
thebesttt,1
antiperadangan,1
antiinflamasi,1
beadsnya,1
kulitdi,1
wajahmengangkat,1
kulitmengontrol,1
kulitmeningkatkan,1
berjerawatmenghidrasi,1
kulitmerawat,1
untukmeminimalkan,1
crram,1
akhirnyaaa,1
temennya,1
ucapin,1
tangkap,1
meregenrasi,1
suh,1
besoknyaaa,1
dibeliii,1
diving,1
pweawatan,1
viat,1
bangwt,1
mutihin,1
ampuhhh,1
biasaada,1
ekspedisi,1
struggle,1
pakaibau,1
combinasikan,1
makas,1
yakan,1
ommoooo,1
richard,1
sebenernyaliat,1
ketigaaa,1
bangetrecomended,1
akuubingung,1
guee,1
tiduurrr,1
biore,1
bagyuss,1
omong,1
kocak,1
wkkwkwk,1
maahh,1
sumpit,1
ommoooooo,1
ngatuh,1
sngat,1
mntapp,1
infoinfo,1
barusemingguan,1
pakaidan,1
heheheheheh,1
maksutnya,1
skintipe,1
lhoh,1
nich,1
overhidrating,1
thicklengket,1
lembablembabnya,1
murnilascorbic,1
activenya,1
ascorbate,1
tda,1
ternyta,1
luamayan,1
bagys,1
sekerdus,1
kuyg,1
roseship,1
rainbow,1
cam,1
pinky,1
onnie,1
cantikcantik,1
membernya,1
collab,1
holla,1
daynightnya,1
hadeuh,1
healing,1
kacapokiknya,1
jugapackaging,1
gitucepat,1
gays,1
iih,1
nightnya,1
abiezzz,1
tangkal,1
seabagi,1
flex,1
takuttt,1
bedan,1
diclaimnya,1
kulitkandungan,1
yakaannn,1
agakcerah,1
niiih,1
stengah,1
yakaann,1
shining,1
sedap,1
tranexamoyl,1
akusi,1
impressionnya,1
ahahha,1
uniknyaa,1
bire,1
habiss,1
kalauuu,1
packinganya,1
cobaiin,1
ntuk,1
tersamarkanklaimnya,1
satset,1
nafas,1
strongnya,1
batuk,1
perfama,1
ngerutinin,1
nyobaaaaaaaa,1
mintnyaaaa,1
inggredienstnya,1
tingkatin,1
gituh,1
kualitasnyathank,1
korban,1
bight,1
pasta,1
byee,1
astaghfirullah,1
sumpaah,1
kusaam,1
huhuhucobain,1
calmingminusnya,1
lagijerawat,1
dongtekstur,1
surebeneran,1
gangguprogress,1
milkybaunya,1
scarlettekstur,1
bestlah,1
nanyain,1
bubblenya,1
gatauuu,1
mlah,1
tmen,1
eamng,1
sukanyg,1
kueang,1
pemakainnya,1
paje,1
lake,1
miracle,1
relate,1
tujuh,1
menbantu,1
yant,1
heheu,1
mintnya,1
akumumpung,1
menueut,1
balmy,1
telatenin,1
adaabiasanya,1
kayu,1
ringkes,1
ane,1
balon,1
sedot,1
hangat,1
tolerin,1
jamur,1
ciptain,1
hah,1
ajak,1
nyakulit,1
paspake,1
gituteksturnya,1
sekaliiimasih,1
kikis,1
mouisterizer,1
resistant,1
kerap,1
hihihihi,1
kesayangankuu,1
sayatapi,1
dahlahh,1
kampuss,1
penolongg,1
sunburn,1
maupub,1
nguap,1
lekas,1
dahulu,1
bamyak,1
suncream,1
packging,1
ngilanggg,1
wajahhasilnya,1
kerinng,1
suuuper,1
inibrow,1
beetaku,1
kulitniacinamide,1
terusessense,1
pabagus,1
ajasunblock,1
bakuchiolefeknya,1
tba,1
elixirbisa,1
holyglair,1
marine,1
kulitkuanti,1
gereget,1
serumnyaeksfoliasi,1
nyobainmulai,1
emblem,1
microcara,1
waterproofkyk,1
lenglet,1
isengiseng,1
omagatt,1
dmn,1
ringin,1
msk,1
bertahapjd,1
ngikutin,1
sulam,1
combaine,1
serumkarna,1
kecerahaan,1
ngembaliin,1
poriporinya,1
eyebrow,1
okkk,1
exception,1
muluuuss,1
lngsubg,1
strorenya,1
cocokcocokkan,1
pai,1
sblum,1
wkkwk,1
gtau,1
btuh,1
poduk,1
ngegumpal,1
kabar,1
pisau,1
nodak,1
gelep,1
kacaw,1
scoba,1
low,1
baguuuuuuus,1
pelipis,1
kompleks,1
acneakhirnya,1
ngecalming,1
inj,1
swndiri,1
brigtening,1
kasir,1
ngefeknya,1
jgc,1
aeon,1
puoool,1
berfragrance,1
betahin,1
azab,1
gerak,1
bruntusaan,1
tamanya,1
terlaluuu,1
baunyaaa,1
gagaluntuk,1
baruemang,1
terfavdoi,1
bikib,1
jerawatgede,1
nyerem,1
bagusbuatnngilanginbekaspih,1
heehe,1
vernyaa,1
kentall,1
jeriwii,1
bebeerapa,1
diingett,1
kalooo,1
harummm,1
pakeknyaa,1
thoughtfull,1
hypes,1
bwah,1
wak,1
whyy,1
dunno,1
marketing,1
learning,1
kayakny,1
bganget,1
hello,1
sajaa,1
aaja,1
ngelit,1
ruamruam,1
taro,1
perlahanperlahan,1
komedoo,1
terakhiiir,1
tumit,1
nenek,1
omgggg,1
kasihin,1
overhydrate,1
tllu,1
mulusssssssss,1
kala,1
bicara,1
rutindia,1
gituuntuk,1
ngelopek,1
gitudia,1
setelahya,1
tem,1
melmbabkan,1
consultant,1
kecintaaan,1
pakekin,1
editionnya,1
mencerahkanhilangin,1
fluffy,1
holygrailku,1
skincer,1
sth,1
langsing,1
alergisensitif,1
expetation,1
reach,1
pertamama,1
frgrance,1
hasilnyabtw,1
gabohongsecinta,1
gitulooooh,1
niiacinamide,1
semantep,1
tkstur,1
mengelupassemoga,1
bangetsudah,1
inirecomend,1
cerahgak,1
bangetttttbikin,1
lagu,1
jadinpudsr,1
niacinretinol,1
akunga,1
belim,1
hijab,1
mahhh,1
badakk,1
unjuk,1
ngeredahin,1
ngebawa,1
narik,1
ngebuang,1
naicinamide,1
pudarnyaa,1
tambh,1
kulitkudi,1
layerdengan,1
seriously,1
samarsamar,1
ketagihann,1
syukuuurrr,1
judge,1
ngejudge,1
cong,1
cing,1
kecintaaaan,1
seeehhh,1
sekarng,1
ekspetasikuuu,1
kulitkuaman,1
ngecalm,1
renewnya,1
ngejual,1
lagihhh,1
timbull,1
enk,1
keliatann,1
menyerapnyaa,1
bebuyutan,1
laris,1
wjaahku,1
jatuhcinta,1
seengganya,1
mulanyabaku,1
direkomen,1
musuh,1
semuah,1
tidurdia,1
yesstrengthen,1
jugabaru,1
dipakaimudah,1
inimenurutku,1
whislistku,1
mukua,1
yesdisguise,1
yesimprove,1
nonggol,1
testimonial,1
swiss,1
bangetdeh,1
ngerasin,1
nusa,1
sikecil,1
texturx,1
ngeresapnyaa,1
gemar,1
digantiin,1
jugamemperbaiki,1
dapetlembab,1
strunggling,1
ampm,1
mnegatasi,1
gelapgelap,1
lengkapin,1
dikulitkutermasuk,1
flak,1
mencerahkanyya,1
esp,1
ngilanginnya,1
amandann,1
menyengatselama,1
jerawatsejauh,1
daftar,1
pasberhenti,1
bruntusnya,1
textures,1
moly,1
christmas,1
anget,1
bubar,1
yet,1
menajadi,1
tentang,1
negetifnya,1
terulis,1
ulir,1
wait,1
inflamemerah,1
alhasill,1
bemer,1
minguu,1
manual,1
ketidakcocokan,1
hehecukup,1
ekspektasikuu,1
looks,1
evalen,1
rahasia,1
mendemku,1
kelimpungan,1
cobainsi,1
mendemnya,1
purgingbreakout,1
perdana,1
mslh,1
awam,1
cewe,1
tida,1
lha,1
hihhi,1
emgdiaku,1
lamgsung,1
lot,1
jrwatklo,1
bks,1
jugaklo,1
negarifga,1
yatpi,1
gedesakit,1
serumnyaap,1
azaaaa,1
keringgelap,1
pudarthankyou,1
bbrapa,1
jado,1
mlem,1
xxoo,1
seakanakan,1
buanget,1
nonto,1
banguntidur,1
nampilin,1
duka,1
tetesun,1
bahanbahannya,1
berbauu,1
sukaaak,1
aestetik,1
bagong,1
heyyy,1
knows,1
masukinnya,1
kerangka,1
ngehnya,1
ala,1
sisca,1
kohl,1
labil,1
nodanyasetelah,1
dikulitttt,1
produkk,1
nonfragrance,1
harisecinta,1
empty,1
sapa,1
sejuk,1
ditangankaki,1
alternatd,1
sip,1
kulitdulu,1
diawajah,1
uhhhh,1
oilwater,1
selaluu,1
mindblowing,1
proven,1
extractbeta,1
nobilis,1
extractanthemis,1
niacinamidehydrolyzed,1
watersabiwhite,1
safest,1
clinically,1
photo,1
tumeric,1
derivative,1
cbain,1
benerann,1
jdii,1
truss,1
vulgar,1
shows,1
worsen,1
onggok,1
sekalihhh,1
barangkali,1
pemgen,1
happyyyy,1
komuk,1
paraaaaahhh,1
kompor,1
calms,1
terlove,1
kriteria,1
agam,1
chin,1
cure,1
insya,1
kuliyku,1
hmmmm,1
nicianamide,1
hasilnua,1
kadung,1
pemakainan,1
caran,1
impact,1
bulanaku,1
sslalu,1
koleksi,1
wajahkuaman,1
squad,1
mositurize,1
straight,1
bar,1
hsil,1
remokomen,1
saaat,1
dipiluh,1
baruuu,1
motorjadi,1
ngandung,1
cerahnyaaa,1
gitucerah,1
iniiiiiii,1
luvvvvvv,1
terusssss,1
terbuktisebelumnya,1
mencerahkannyabener,1
emangg,1
dongggs,1
tervaforit,1
swrum,1
bangettpokonya,1
serumnyaaseseneng,1
encang,1
gaklengket,1
pdahl,1
superrr,1
pusa,1
ituuuuyou,1
bangetini,1
pskke,1
defintely,1
dibwa,1
deeeeeeh,1
sekarangg,1
bgaruh,1
gliwing,1
lovvv,1
cerahnyakulit,1
bangetttkandungannya,1
munggu,1
awalnyaa,1
demen,1
pakei,1
gitunext,1
jrwtku,1
brrti,1
pggir,1
sluruh,1
ptma,1
akh,1
sumpaaahhh,1
incar,1
menyamarkann,1
gtloh,1
bagusbgt,1
hydroqunion,1
inisemenjak,1
jugagak,1
ngaaruuh,1
nampo,1
nivea,1
zuppeeeerr,1
kesayangannnn,1
serummmm,1
tingkyuu,1
damba,1
applay,1
sensitiveoily,1
jugaharganya,1
didapetnya,1
smthnc,1
trgantung,1
sensitifbisa,1
terlihatwkt,1
beuty,1
lemban,1
bnerin,1
cerahanlembab,1
juaraaaaa,1
wajiiiiib,1
mmhh,1
bgun,1
krain,1
marabahaya,1
latah,1
masha,1
diceritain,1
pagisiangpun,1
naklukin,1
hyalorunic,1
paduin,1
moisturiser,1
tiban,1
kemarenkemaren,1
ilfeel,1
baguuuuus,1
totalpertama,1
kalianpakai,1
amaann,1
stimulasi,1
chlorella,1
kenyalserum,1
bary,1
ngasal,1
appaun,1
bangeeetttt,1
hypoallergenic,1
masang,1
ngincar,1
diaaa,1
telattt,1
awkwokwowkwo,1
dikocokkocok,1
vegan,1
acnecatatan,1
mgilangin,1
pihpie,1
shadenya,1
sewaaaah,1
cckkrn,1
belumga,1
stgh,1
activr,1
april,1
weekly,1
gelish,1
baikuntuk,1
melambabkan,1
lovey,1
kaliselanjutnya,1
slhanya,1
beruntusana,1
blok,1
ngirit,1
periodik,1
disosmed,1
cepetttt,1
efectnya,1
maaciwwwwwwwww,1
ultah,1
prelove,1
mantepp,1
sangsi,1
wuhh,1
gatell,1
minjem,1
cokelat,1
blnan,1
sejati,1
ngepek,1
ugh,1
niacinmoist,1
cuek,1
huat,1
agung,1
bneran,1
niacimamide,1
ininah,1
tidak,1
dltapi,1
rednesss,1
mukaaku,1
inipas,1
berpalinh,1
tmpt,1
inibukan,1
wkwkwkw,1
sobat,1
unboxing,1
gatelgatel,1
erythema,1
fist,1
sekarangtapi,1
dana,1
memudartapi,1
botolbekas,1
legend,1
inflammantory,1
kutat,1
pijit,1
jugapokoknya,1
jugamelembapkan,1
jugangilangin,1
lohmencerahkan,1
biang,1
mantull,1
tumpas,1
niac,1
sampesampe,1
ndk,1
ready,1
pending,1
apadan,1
beneraan,1
ngoleksi,1
jiriwitin,1
sesuaiklaimnya,1
aduhhhh,1
pakelah,1
ekstract,1
shometinc,1
juaraa,1
amazingly,1
segarr,1
pemakaianefek,1
bangettakjub,1
hydroxyethylcellulose,1
duaduanya,1
kuhabisin,1
ingredientnay,1
kulitaman,1
jebis,1
lengketaku,1
dipakeny,1
aplikasikanny,1
regimenku,1
pelembabnya,1
itchy,1
unfortunately,1
kandungannnya,1
aju,1
friendy,1
niatin,1
polllllll,1
nampolll,1
ekspektasinya,1
inipertama,1
sumpahhh,1
niacinmaide,1
percent,1
each,1
banruim,1
perniacinan,1
abissssssss,1
yasssss,1
jajah,1
ngepurchase,1
nampoll,1
stresss,1
strugle,1
gradually,1
itemitem,1
aahhhh,1
sabaaar,1
sebucin,1
mempeecepat,1
somethincnya,1
aaah,1
jerawatat,1
fondation,1
skincarep,1
bor,1
proooduct,1
fdxbeautyi,1
everyones,1
phenoxyethanol,1
fructooligosaccharides,1
glycol,1
oemji,1
uuuuuuuuuuuuuuuuu,1
okk,1
thai,1
hlowing,1
dipakeknya,1
hiksrot,1
lop,1
prodik,1
sudab,1
jepang,1
productsmungkin,1
europe,1
korean,1
gelut,1
dikemanain,1
pls,1
akusih,1
tonernyaapas,1
bngttt,1
agakbikin,1
akuada,1
meresapkalo,1
nguurangin,1
hoho,1
insyaa,1
kawan,1
hilangintapi,1
bwahahah,1
dimukadikulitku,1
payah,1
jerih,1
definetely,1
jerwatan,1
jasa,1
secintaaaaaaaaaaaaaaaaaa,1
alusan,1
bandelss,1
mencet,1
cerahgimna,1
mantau,1
tug,1
ratenya,1
dipke,1
jember,1
malang,1
sisik,1
wkkkwkwkw,1
san,1
bangetannn,1
makjreng,1
taraaaa,1
hasilnyaaaa,1
nyerapp,1
nyedot,1
awan,1
makinnn,1
romendasi,1
sit,1
whatever,1
baguuuss,1
calmapalagi,1
honestlywajah,1
ilaaaang,1
pakaiii,1
bersihpadahal,1
yutub,1
udhh,1
dehcuma,1
maleman,1
haribikin,1
manteppbikin,1
apapunn,1
pemakaianya,1
holigrail,1
cumaann,1
ditampol,1
pkenya,1
mampuh,1
hydroquihydroquinone,1
somethincofficial,1
serumtoner,1
keeesekian,1
akuterimakasih,1
mataharitetep,1
keringkujadi,1
tektsurnya,1
alat,1
cheating,1
cocol,1
butylene,1
edta,1
sebelumsebelum,1
fails,1
lagiharus,1
murahnext,1
enakharga,1
lembabwanginya,1
diskonnyaaa,1
menurutkuu,1
avo,1
senayan,1
yanv,1
berruntusan,1
kulitserta,1
duluuuuu,1
kencintaan,1
bertahum,1
dekat,1
nuampollllllll,1
dag,1
umumsih,1
kalinyaa,1
lembabnyajerawat,1
nii,1
ceerahan,1
cica,1
memutihkandiaku,1
mencerahkannnnmencerahkan,1
tell,1
dikombi,1
stlhnya,1
ditambahin,1
basi,1
basa,1
waaaah,1
ukuruan,1
dewasa,1
maghrib,1
mambantu,1
brighteninv,1
sensoy,1
dokulit,1
tenyataaa,1
niacinmidenya,1
kesal,1
hidrating,1
tgl,1
coy,1
pakeknya,1
batal,1
scratchescracks,1
mukakuu,1
sibuk,1
seperti,1
bite,1
pesan,1
commers,1
biarin,1
sehatsaya,1
sensitifsampai,1
keratinosit,1
melanosit,1
melanin,1
transfer,1
gilasih,1
visible,1
wajahhliptint,1
ampuhhcushion,1
tahunann,1
cerahcerah,1
lalupas,1
tanding,1
kombinasikering,1
kulitny,1
pertmaa,1
tanggaltanggal,1
dream,1
nct,1
seingetku,1
cyin,1
muchhhh,1
yep,1
trigger,1
duel,1
fotofoto,1
tuwir,1
reputchase,1
ach,1
smeoga,1
wadanya,1
pcnya,1
tunggal,1
nggam,1
sebagusss,1
complete,1
kecintaann,1
acidniacinamide,1
ram,1
monmaap,1
padan,1
sukaaaaaaaaaaaaaaaa,1
ferulic,1
recommen,1
jrewi,1
konsentrat,1
coz,1
kskincare,1
ngeyelnya,1
ratingnya,1
minimalism,1
nyobalah,1
kulitngelembapin,1
akukayaknya,1
inijd,1
sbnrny,1
hrg,1
sensitifutk,1
trmsk,1
downsidenya,1
niacinamaid,1
lifechanging,1
taraf,1
oils,1
sales,1
kucobain,1
standart,1
mulusin,1
mencerahkandi,1
nerapin,1
smtg,1
expert,1
ngganggu,1
ngiung,1
ganyampe,1
nungguin,1
lainnyaa,1
dirajinin,1
murahhh,1
ruiny,1
dilock,1
mlserum,1
seexcited,1
viralnya,1
fan,1
bismilah,1
pulak,1
berlanjutbut,1
templok,1
walah,1
infuelzer,1
goreng,1
mood,1
perez,1
link,1
inisampai,1
renang,1
kembaliin,1
kulitpackaging,1
menghilakan,1
kurangg,1
krontang,1
belumlagi,1
gile,1
suudzonin,1
konstrasi,1
niacinamadenya,1
clumpy,1
yachkudu,1
produktapi,1
setum,1
darksport,1
cevatt,1
bida,1
keringnormal,1
eksplor,1
bignya,1
splendid,1
shimering,1
gatakut,1
nyesuaiin,1
bisamemeperbaiki,1
dwajah,1
keranjingan,1
mel,1
yahaahha,1
nyakalo,1
berpa,1
banyaak,1
halussssss,1
hark,1
pertamayang,1
failed,1
berminyaksemalam,1
cpet,1
artis,1
endorse,1
iniharganya,1
beralihdari,1
kanan,1
taronya,1
botoldan,1
bingunng,1
melembapin,1
kayk,1
forget,1
kqlian,1
dehhkalo,1
lopeeee,1
affodeble,1
hahahatapi,1
jugak,1
mins,1
pekatlengket,1
jadituh,1
idts,1
repackage,1
silih,1
telatenmakan,1
habistapi,1
cancel,1
ngurus,1
kulih,1
dikiiitt,1
wuow,1
beps,1
fourth,1
multibiome,1
bulanlebih,1
wajaah,1
kemarinnn,1
siangmalem,1
fwtonerserum,1
sembuhh,1
gridilan,1
mencerahkanmemudarkan,1
ajaibb,1
arent,1
oilycombi,1
semuacuma,1
sihkita,1
keliatanjadi,1
survey,1
neci,1
tetang,1
tekor,1
borong,1
anymore,1
awalpemakaian,1
niacisabi,1
cumq,1
kusemm,1
segeran,1
bangeef,1
pliket,1
deodoran,1
outlet,1
brithening,1
upik,1
finefine,1
cekcok,1
sukanyaa,1
dihabisin,1
kokk,1
akkkkk,1
teksturna,1
efekx,1
produkx,1
prima,1
kasihsaran,1
dehtapi,1
customeraku,1
wajibbb,1
vekas,1
forma,1
jtuh,1
beuhh,1
brfungsi,1
sewah,1
stoppp,1
crah,1
cnta,1
lembaboverall,1
impress,1
greasyaku,1
melt,1
dikeluarkanteksturnya,1
tentu,1
daun,1
baghs,1
direkom,1
kenyalak,1
berasanyaaa,1
pakebikin,1
brntus,1
styp,1
kerig,1
lagsung,1
syagnya,1
brminyak,1
bilah,1
lansgung,1
sayangsemoga,1
parnoannn,1
anaknyaaaaa,1
kugalanjut,1
kaliiii,1
siihh,1
kusamwaktu,1
wjah,1
masyaallahnya,1
skincareannya,1
closed,1
bearable,1
gataunya,1
ngiraa,1
noticed,1
saying,1
ones,1
maube,1
berword,1
ngerepair,1
berharihari,1
dryskin,1
approvedtidak,1
lopyu,1
word,1
memuaskanawalnya,1
gasanggup,1
banyaaakkk,1
nyerapnyaudh,1
udaraaku,1
riaskulebih,1
laci,1
pumpmenurutku,1
membaikskrg,1
pesimis,1
iritasifirst,1
itunyerahinnya,1
isengwaktu,1
alhamdulillab,1
bokek,1
botolpertanahabis,1
quality,1
bggtt,1
inisoalnya,1
dapetngehalusin,1
kyaknya,1
show,1
ditemenin,1
ditelatenin,1
luaaaama,1
efektik,1
gedaaa,1
empat,1
market,1
okebenerin,1
discontinued,1
melembabkannnn,1
ayom,1
hacknya,1
nguatin,1
komplitmakasih,1
efektifitasnya,1
jaauuh,1
lemonade,1
inmencet,1
somethincsudah,1
min,1
kacalayar,1
iniblindbuy,1
sebelumya,1
watson,1
tgn,1
hallalnya,1
puol,1
deeehhh,1
cucooookkk,1
terjangkauuuu,1
jugaaaaaa,1
eccomers,1
logo,1
haluzz,1
sukasuka,1
pregnancy,1
serumudah,1
nglembapin,1
nolongin,1
segeda,1
third,1
tektsturnya,1
during,1
lungsur,1
loves,1
thickk,1
moisturenya,1
okeeeyy,1
side,1
wajahke,1
essencemya,1
sayangnyaa,1
outpurging,1
byat,1
nangkring,1
safelah,1
mengtrigger,1
mudarim,1
terhitungnua,1
baikk,1
spertinya,1
moistruizer,1
pgi,1
ngebland,1
serumnyaaa,1
susahh,1
tinggikalo,1
niacinamideentah,1
rak,1
bolehh,1
arti,1
adatrus,1
asupan,1
krasa,1
satisfy,1
beluk,1
kulitkuuu,1
menyerao,1
antusias,1
satisfied,1
jerawah,1
moisturizingnya,1
exfoliator,1
tdinya,1
exfoliating,1
complexionnya,1
cerahsampe,1
gotu,1
awak,1
putar,1
sim,1
mangaattt,1
aktiv,1
dukl,1
hny,1
trueve,1
niacinamides,1
whhhyyyyyy,1
whyyyy,1
siiihh,1
deehh,1
bgttttttttt,1
produkkandungan,1
aminnn,1
cerahglowing,1
salabim,1
jauhhh,1
ilanggg,1
asumsi,1
ofcourse,1
happyy,1
pukau,1
maknyoss,1
lagiplus,1
berjerawatbiasa,1
duhhhai,1
wajahki,1
ngulah,1
estee,1
anr,1
genifique,1
dewi,1
rona,1
niii,1
gokiill,1
feed,1
rhicard,1
kelihatannn,1
hee,1
seinstant,1
bruntusanbo,1
wajibjibjib,1
ringkas,1
seh,1
lbi,1
bett,1
worh,1
considering,1
mmm,1
asamferment,1
hint,1
ngilang,1
sesuaiin,1
radiant,1
jugakeknya,1
elshe,1
hitamny,1
voilaa,1
rasany,1
teskstur,1
heheefek,1
jerawatngatasin,1
saama,1
lebihga,1
dulugua,1
jugasih,1
hehebtw,1
botoljadi,1
ternyataaaaa,1
wajahapa,1
five,1
gengswajahku,1
konsentratenya,1
murcee,1
parahalhamdulillah,1
dose,1
tappering,1
posthink,1
save,1
niacinaminde,1
skali,1
gakbisa,1
nyimpulin,1
consent,1
erti,1
sekaranv,1
ngeradang,1
huwaaa,1
pagisiang,1
smangat,1
clekit,1
malamnyabruntusan,1
menegecewa,1
bagis,1
jarangjarang,1
kelopekin,1
bunda,1
sorepagi,1
ppunya,1
niacnamide,1
nyobanya,1
nicinamidenya,1
gasadar,1
peduli,1
gacuma,1
wangsit,1
diri,1
jgternyata,1
mengunakan,1
keiatan,1
combinasiin,1
repurces,1
lovenya,1
hahahahaa,1
fixed,1
tight,1
ajasi,1
wajahjadi,1
mengmoisturazer,1
extrac,1
duluserum,1
bangettapi,1
konsistensimau,1
mncerahkannya,1
rutinsampe,1
natal,1
lapisin,1
hadiah,1
des,1
mere,1
damnnn,1
kuraang,1
bantal,1
breakouts,1
botolbuat,1
mukaleher,1
ngilerrr,1
kontaminasi,1
bua,1
mosturizerpelembab,1
oketp,1
gto,1
nekadin,1
rutinganti,1
niacinamed,1
bulann,1
effectnyaa,1
cerahpori,1
memudarkulit,1
langsungkasih,1
ngepas,1
nyokap,1
informative,1
terhura,1
niacinamidel,1
sensitivepake,1
sometimes,1
direkomenin,1
yahhh,1
loooh,1
ship,1
sams,1
comedonic,1
menverahkan,1
achieve,1
chokchok,1
haduuu,1
versatile,1
grailku,1
gloww,1
benih,1
seringkali,1
claimsnya,1
groundbreaking,1
alcoholfree,1
allergenfree,1
siliconfree,1
parabenfree,1
pndemi,1
dluuu,1
bisaaa,1
soooo,1
grailllll,1
bagussscinta,1
cobaternyata,1
rekomendasiiin,1
amaatt,1
sangattt,1
tidac,1
indomie,1
pokoknyaaku,1
beuhhh,1
hmpir,1
nentuin,1
gerawat,1
akuubut,1
hyaluronicnyaa,1
enhanced,1
benerannn,1
rekomenbanget,1
ganinggalin,1
ters,1
approximately,1
lighter,1
urgent,1
however,1
niacimidenya,1
wonderfully,1
bagusssss,1
benerraaan,1
setop,1
excitednya,1
femaledaily,1
smaller,1
hyalub,1
hinyaaai,1
tdi,1
kilas,1
qta,1
mari,1
stoxk,1
adoree,1
asdfghjkl,1
jadul,1
stiker,1
gejala,1
diracunin,1
akubakal,1
thee,1
seminggun,1
kenapakenapa,1
kenpaadfgdhkdoekendncbfhdhdjksnsnsbsbsbbsbssbbsbxbxbxhxhxjxjdjz,1
minggusemoga,1
dituangin,1
pipiskitr,1
memudaruntuk,1
nganggur,1
trik,1
macam,1
ekstraksi,1
babgett,1
gaperna,1
terfav,1
sebaguuss,1
manaa,1
preference,1
repurcharge,1
thread,1
sesitifku,1
nyaru,1
daerh,1
skitr,1
gimanaaaa,1
mukaaini,1
dkulit,1
dpakai,1
agaj,1
fox,1
superrrr,1
beat,1
cepey,1
setelahny,1
memudarteksturnya,1
sukakkkkk,1
iniikmren,1
menghilanhkan,1
gentel,1
abiiis,1
sebulam,1
yaampunnn,1
stiap,1
concentrantion,1
bilng,1
else,1
yeayyy,1
hydroquinonnya,1
amanpakai,1
allantonin,1
effectivec,1
ngebenerin,1
tetrahydrocurcumin,1
turmeric,1
derivat,1
story,1
jelasin,1
tahunseperti,1
lagicuma,1
underwhelming,1
suit,1
bagosshh,1
dtng,1
halau,1
mecerahkan,1
gonee,1
skli,1
punyak,1
ganteng,1
doktr,1
lovv,1
made,1
shgga,1
inu,1
ina,1
tountuk,1
cerahteksturnya,1
lngsng,1
memudarkanacne,1
pmslagi,1
baguuuuusss,1
tpii,1
brnanah,1
tupun,1
susaaaah,1
muluuuussss,1
bangeeeettt,1
haluuuusss,1
berasaa,1
ekonomis,1
relatif,1
boj,1
klavuu,1
disejajarin,1
repurchaseyessssss,1
ajajerawat,1
bruntusantapi,1
cerahawal,1
lebig,1
kulitmalahjadi,1
hemm,1
mals,1
akubut,1
somethinctapi,1
gratis,1
gitusih,1
grailnya,1
iri,1
keputihputihan,1
melembabkanngilangin,1
mantappppp,1
ngebooster,1
roundlab,1
emaang,1
tydac,1
limitednya,1
kulitseminggu,1
krnnn,1
lainnnnnnn,1
duaaaaaaa,1
lessoily,1
clubtapi,1
burikburik,1
bangettexturenya,1
sedihhhh,1
serumnyoba,1
niachimade,1
lainbalik,1
kusaranin,1
saaad,1
hhhh,1
ngcalming,1
binguuuung,1
digunakanserumnya,1
uneven,1
yaaaay,1
rep,1
syangnya,1
untungaku,1
seriusssly,1
kenyall,1
hit,1
hemmm,1
condition,1
tooks,1
boleh,1
tolonglaaa,1
drpada,1
serumnyatetep,1
piepih,1
strengthens,1
faktor,1
crossed,1
pertma,1
sbntar,1
komedopun,1
cloud,1
cheerrsss,1
nyemplung,1
fingers,1
controls,1
hairfall,1
yyyaa,1
scalp,1
percentagenya,1
ysbnya,1
production,1
kuku,1
simpulin,1
sekaliefek,1
akusaat,1
biidznillah,1
bismillah,1
hitamredness,1
tuntas,1
ketidaktahuanku,1
huhuuhukarena,1
terfavorite,1
sheet,1
diem,1
foundibb,1
kusambelang,1
clear,1
warnaya,1
lembapwajah,1
clay,1
jelass,1
yaituuu,1
nmbh,1
kalogasalah,1
nurutin,1
kengeyelena,1
kadena,1
nacin,1
hnya,1
balur,1
read,1
skaligus,1
adaa,1
seiprittt,1
redam,1
yagitu,1
bruntusannnn,1
gileee,1
reaksinyatp,1
frekuensi,1
parahskrg,1
slma,1
freaking,1
took,1
langsubg,1
presentasinta,1
kelar,1
jerata,1
bonya,1
seextrim,1
heard,1
courseeeee,1
amazinggg,1
bahhh,1
barng,1
glass,1
mencerahkannsist,1
tyta,1
ajanii,1
harus,1
brighteningngnya,1
lengketso,1
kulituntuk,1
rdin,1
radarada,1
ulah,1
covid,1
tawakal,1
lana,1
lagiiiii,1
sempurnaaa,1
pakaiternyata,1
distributor,1
penyelamattt,1
wkwkek,1
seneeeng,1
aama,1
itss,1
jerwaat,1
pemakaia,1
semut,1
couple,1
selingkuh,1
gerakin,1
persiss,1
bibit,1
beraniii,1
eventoned,1
noooooo,1
molecules,1
sararobert,1
blame,1
quarantine,1
banyakcoba,1
relation,1
moisturisingnya,1
tends,1
occassion,1
basis,1
nihil,1
vibe,1
ngebiasin,1
oia,1
boda,1
luckily,1
mayam,1
sejatuhcinta,1
gakalah,1
acem,1
jaraaaang,1
zat,1
money,1
ituuuu,1
kandas,1
sarangheo,1
makaci,1
margendos,1
duelin,1
cemerlang,1
kantung,1
paraaaah,1
eluelukan,1
joseon,1
dinasti,1
keburukelupaan,1
kusamkusam,1
ttapi,1
mumpung,1
cerahtrs,1
aaak,1
pancing,1
drakspot,1
kereeeen,1
combai,1
siatin,1
sisterr,1
heal,1
wonders,1
beginitp,1
huhuhuuu,1
mkin,1
smpet,1
ngelembapinnn,1
pundi,1
bejas,1
ampih,1
fss,1
pemkaiannya,1
segituuu,1
potent,1
contains,1
gailang,1
nourished,1
frosted,1
pros,1
reused,1
recovery,1
surprised,1
woooowwww,1
nadfa,1
kulitkucuma,1
iniakhirnya,1
hitamnoda,1
tepuktepuk,1
concentrations,1
though,1
happen,1
calmingmoisturizing,1
worthtpbuy,1
berisik,1
nenurutku,1
silicony,1
reviewreview,1
biasabiasa,1
hyalur,1
says,1
wichis,1
sihnon,1
fixx,1
nyerahinn,1
elses,1
someone,1
mebikin,1
yups,1
karnaa,1
lamjut,1
satudua,1
inflammatory,1
pocket,1
friendlier,1
niacinbeet,1
packagings,1
resist,1
baku,1
selasa,1
senin,1
sabtu,1
sensitip,1
keringg,1
arround,1
acneprone,1
lamaaaaa,1
longsor,1
riding,1
sitting,1
cekatcekit,1
ajacocok,1
lagilebih,1
sebotolga,1
pronetruz,1
konteks,1
nol,1
indonya,1
walaupn,1
bakuichol,1
timpal,1
negbuat,1
beeuuhh,1
dipegangin,1
seringsering,1
pedang,1
ngaruuh,1
brtahap,1
kirang,1
niacinamideee,1
pokonyaaaa,1
akubeli,1
pmshaid,1
mmbaik,1
januari,1
huhuhuhuhu,1
pless,1
teksturrr,1
benarr,1
nee,1
faforite,1
hehee,1
yaudalaa,1
cerahann,1
parahparahnya,1
loveeee,1
cyiin,1
hempass,1
menhakitkannya,1
uwu,1
iklqn,1
somethincccc,1
ngebalikin,1
kadangkadang,1
derastis,1
recommendedharus,1
cobaboleh,1
niaciamidesabi,1
hahahaha,1
pipetny,1
kujira,1
dearest,1
repurchuse,1
jerawatsembuhin,1
mositurizingnya,1
secraa,1
ekspek,1
koh,1
woth,1
alhirnya,1
hyal,1
pricy,1
kslu,1
salute,1
soboroik,1
banyakk,1
sau,1
nyamarkan,1
komedokomedo,1
lampu,1
baguskandungan,1
babyyy,1
nagihh,1
berunusan,1
resultss,1
want,1
often,1
doctorss,1
yeess,1
nyala,1
kalemin,1
dikitt,1
smuka,1
dkit,1
libur,1
ranaul,1
whitelabhasilnya,1
rubber,1
nikmatin,1
gabeli,1
loveeeee,1
whiteheadsnya,1
tebas,1
paro,1
samaaa,1
kanankiri,1
redapadahal,1
slowres,1
ruam,1
jerawatbruntusan,1
kokpas,1
skinbarrierku,1
sweetheart,1
patience,1
sbelumnya,1
badag,1
neko,1
susaahh,1
tinggiii,1
tbrb,1
unyuk,1
gerda,1
gemoyy,1
diambilnyaa,1
dbandingkan,1
pis,1
mamaini,1
cumaaa,1
controlling,1
bange,1
epribadih,1
somethincc,1
penyelamatkuuu,1
gilaaaa,1
nggaa,1
kitaaku,1
lainnnnnn,1
woaaahhh,1
kget,1
seriusss,1
pakainyaaaa,1
kentell,1
jnyuk,1
dongsemoga,1
muludan,1
bingungnpake,1
awalanya,1
terwort,1
ilangain,1
benar,1
lagil,1
sampingnyaaaa,1
cocokkkk,1
mapem,1
diharapin,1
biaa,1
dianjutrkan,1
makinmakin,1
karenaa,1
licoriceaman,1
hydroquinonebahan,1
biasaaa,1
sebwlum,1
slain,1
pruduct,1
hasilnyapas,1
ginta,1
sihkarna,1
lembabkayaknya,1
bissa,1
nyobaiin,1
penaikin,1
daebak,1
cba,1
realistis,1
efekny,1
gapaham,1
donggggggg,1
mylovely,1
indeed,1
maksimaldan,1
ccerah,1
huft,1
sekaliiidan,1
lengkep,1
bagusterus,1
bangetjujur,1
niacanimide,1
waterteksturnya,1
bikij,1
memyamarkan,1
multifungtionnn,1
untubgnya,1
dianjurin,1
seriusannn,1
dinggg,1
kenaren,1
meresapkalian,1
meresaprecomend,1
cerahtexturnya,1
pkok,1
recomm,1
besssst,1
meinggalkan,1
kemuadian,1
nysel,1
inf,1
minggi,1
waterytrus,1
hampur,1
decide,1
lebihlembab,1
gtw,1
kulitbuat,1
meresapdan,1
maksimalselain,1
sukakarena,1
bangetpas,1
scinta,1
pastinyapokoknya,1
barh,1
semsitif,1
umyuk,1
secintah,1
bangettluvvvv,1
sehinggal,1
memeudarkan,1
sabu,1
raguuu,1
gausaah,1
bberpa,1
recomenned,1
inikatanya,1
teksturya,1
resultnya,1
seleb,1
caring,1
guyssharing,1
itupokok,1
donkpngn,1
nyacpt,1
niacinemaide,1
tekaturnya,1
keluarga,1
karenaserum,1
jerawaran,1
uuntuk,1
nyariii,1
jugaasuka,1
sehatglowingdan,1
akuuwajah,1
luarbiasa,1
beneerrrr,1
peetama,1
cantella,1
nua,1
thankyouuuu,1
recommenin,1
seka,1
ajaaaa,1
apalagiii,1
menyengatmengganggu,1
whoeh,1
hilangmudah,1
klian,1
girls,1
hihiw,1
gapercaya,1
cewecewe,1
dsri,1
hargaa,1
tsayy,1
wlpun,1
apaini,1
hariaku,1
bangetterus,1
bekasanya,1
repurcharse,1
nimbull,1
bagusand,1
pikirin,1
rasarasa,1
haluan,1
sihrepurchase,1
ngakk,1
murmer,1
lebh,1
populasi,1
nongkrong,1
muraaah,1
terkontrolini,1
inggeredients,1
udaa,1
players,1
deffly,1
theyre,1
miracel,1
sotoy,1
itemmerah,1
gradagan,1
worked,1
consistent,1
approx,1
within,1
staple,1
sedikittttt,1
jaadi,1
ngerontokin,1
mantuullll,1
wlpn,1
efeknyaaa,1
cocoookk,1
alhamdulillaahh,1
def,1
cant,1
mantain,1
sting,1
jjarang,1
diobatin,1
listnya,1
forumforum,1
bgtcepat,1
kentelll,1
jugabisa,1
sepertinyaa,1
gembira,1
keliatn,1
sumpil,1
gaatal,1
bacabaca,1
cleansingtonerserummoistface,1
feb,1
nyamain,1
lempar,1
alongside,1
thankyu,1
nggasalah,1
nggada,1
novitanatasya,1
murceeee,1
preloveed,1
airin,1
hyloronic,1
pustula,1
jadnya,1
terrrbaik,1
cintah,1
bps,1
tamat,1
php,1
build,1
tolerance,1
oemakaiam,1
process,1
ketel,1
jdid,1
sometinch,1
instgram,1
mixed,1
percentage,1
meradanh,1
uderarm,1
mastiin,1
bolelaa,1
sabarsabar,1
mudarincbekas,1
sbnenrya,1
umm,1
krimperawatan,1
inisih,1
hitamuntuk,1
jelasssss,1
inireviewnya,1
besarrr,1
yesofc,1
moizturizernya,1
ngelupaspadahal,1
paraaahhhh,1
duu,1
apaapanya,1
dehpokonya,1
cukup,1
lembul,1
glowingkenyel,1
woiiitiap,1
end,1
fragrancei,1
serinh,1
tinglingnya,1
proneskin,1
immediately,1
suppler,1
softer,1
bangeeeeeeeettttt,1
butuhin,1
restok,1
hydroquione,1
acneallergy,1
somethincbedanya,1
berporipori,1
seharisekarang,1
komedosaya,1
terjangkautapi,1
ukurannyaada,1
lightening,1
mereview,1
kcl,1
hey,1
buad,1
concentratenya,1
gangefek,1
kadi,1
given,1
gorgeous,1
powder,1
rasakanlembabkenyallebih,1
loose,1
naaaah,1
spreadingnya,1
malemmalem,1
keringbekas,1
sehatjerawat,1
tny,1
lazada,1
jugaaaa,1
dapetnya,1
flekflek,1
gnr,1
oleh,1
sayaa,1
versionnya,1
jerawatanaku,1
jerawatanternyata,1
onetexturenya,1
juha,1
kemeran,1
kenyan,1
esa,1
tekturny,1
perbedaannyaa,1
mahh,1
sopan,1
repurchaseee,1
gaka,1
ramai,1
memudab,1
tanggalin,1
layerjadi,1
bangetglowing,1
kokdia,1
awettt,1
serama,1
kendali,1
started,1
till,1
two,1
luuuvvvv,1
jinak,1
dehyang,1
mantuulll,1
notes,1
nikmat,1
tune,1
syukurny,1
temsturnya,1
makee,1
polpolan,1
cenut,1
reviewanku,1
buana,1
yeaaa,1
lalang,1
repurce,1
mencerahkanuntuk,1
exactly,1
paraah,1
brdasarkan,1
ask,1
keduaa,1
borosin,1
tpmudah,1
menang,1
kabul,1
aplikatornya,1
calmingnyaa,1
seta,1
ngintrol,1
untuktekstur,1
enaak,1
egk,1
dipk,1
mya,1
kangetan,1
bangetmungkin,1
angka,1
jadu,1
nyelekit,1
stokist,1
cocom,1
balikbalik,1
hydrokuinon,1
somenthinc,1
dibandinng,1
bkalan,1
semarang,1
memorable,1
antioksidanmemperbaiki,1
pilingberbusa,1
utamamy,1
digw,1
retinolvit,1
hhehe,1
ance,1
liquorice,1
kulitmelindungu,1
bangetsih,1
efeknyaa,1
pakerasanya,1
cpadahal,1
hargany,1
hidrate,1
pastinyaa,1
ceraahhh,1
fragrancenyaa,1
uvbmencerahkan,1
nearly,1
teksturenyaa,1
lucuu,1
mencerahkaann,1
wajahmembantu,1
lembak,1
kenyalnodanoda,1
haluuuuus,1
kirakira,1
alhamdulilahh,1
ninja,1
ngerusak,1
ngeredamin,1
iyasih,1
hesitant,1
amin,1
yassshh,1
wuffyuu,1
kerenn,1
copot,1
bbrapan,1
mikirmikir,1
bruntusjerawat,1
hehehee,1
home,1
oaliang,1
conditionku,1
tkt,1
patungan,1
mecerahkannya,1
erawat,1
bio,1
madagascar,1
bayangin,1
mudarnyaa,1
bangettttttttttttttt,1
inidan,1
danc,1
depends,1
sedikiiiit,1
huwow,1
gilda,1
tektsur,1
